Name;Descriptor;Mode;Warmup;Iterations;Duration;Mean;StdDev;
BatchNorm;N:32_C:1_H:224_W:224_;PARALLEL;5;4000;6.9373;0.00173427;0.000148253;

BatchNorm;N:32_C:64_H:112_W:112_;PARALLEL;5;1000;33.6342;0.0336339;0.000100295;

BatchNorm;N:32_C:256_H:112_W:112_;PARALLEL;5;200;27.1919;0.135959;0.000300775;

BatchNorm;N:32_C:256_H:56_W:56_;PARALLEL;5;1000;34.5289;0.0345287;0.00011797;

BatchNorm;N:32_C:2048_H:7_W:7_;PARALLEL;5;2000;12.3711;0.00618524;5.19051e-05;


