Name;Descriptor;Mode;Warmup;Iterations;Duration;Mean;StdDev;
BatchNorm;N:32_C:1_H:224_W:224_;PARALLEL;5;4000;1.37075;0.000342664;4.47626e-05;

BatchNorm;N:32_C:64_H:112_W:112_;PARALLEL;5;1000;8.29344;0.00829327;1.80239e-05;

BatchNorm;N:32_C:256_H:112_W:112_;PARALLEL;5;200;6.91661;0.0345829;3.74172e-05;

BatchNorm;N:32_C:256_H:56_W:56_;PARALLEL;5;1000;8.55364;0.00855347;1.0261e-05;

BatchNorm;N:32_C:2048_H:7_W:7_;PARALLEL;5;2000;1.87041;0.000935027;7.1771e-06;


