Name;Descriptor;Mode;Warmup;Iterations;Duration;Mean;StdDev;
BatchNorm;N:32_C:1_H:224_W:224_;PARALLEL;5;4000;1.37417;0.000343487;3.68788e-05;

BatchNorm;N:32_C:64_H:112_W:112_;PARALLEL;5;1000;8.52144;0.00852129;1.57991e-05;

BatchNorm;N:32_C:256_H:112_W:112_;PARALLEL;5;200;7.05097;0.0352547;4.70498e-05;

BatchNorm;N:32_C:256_H:56_W:56_;PARALLEL;5;1000;8.79934;0.0087992;1.44548e-05;

BatchNorm;N:32_C:2048_H:7_W:7_;PARALLEL;5;2000;2.00218;0.00100096;5.60205e-06;


