Name;Descriptor;Mode;Warmup;Iterations;Duration;Mean;StdDev;
BatchNorm;N:32_C:1_H:224_W:224_;PARALLEL;5;4000;1.00341;0.000250818;2.87531e-05;

BatchNorm;N:32_C:64_H:112_W:112_;PARALLEL;5;1000;7.13912;0.0071389;0.000135238;

BatchNorm;N:32_C:256_H:112_W:112_;PARALLEL;5;200;6.02551;0.0301273;2.31396e-05;

BatchNorm;N:32_C:256_H:56_W:56_;PARALLEL;5;1000;7.64024;0.00764002;2.85613e-05;

BatchNorm;N:32_C:2048_H:7_W:7_;PARALLEL;5;2000;1.56215;0.000780876;6.40153e-06;


