Name;Descriptor;Mode;Warmup;Iterations;Duration;Mean;StdDev;
BatchNorm;N:32_C:1_H:224_W:224_;PARALLEL;5;4000;2.82411;0.000705965;9.59257e-05;

BatchNorm;N:32_C:64_H:112_W:112_;PARALLEL;5;1000;13.5774;0.0135772;2.03502e-05;

BatchNorm;N:32_C:256_H:112_W:112_;PARALLEL;5;200;11.117;0.0555848;5.83193e-05;

BatchNorm;N:32_C:256_H:56_W:56_;PARALLEL;5;1000;14.0091;0.014009;3.07985e-05;

BatchNorm;N:32_C:2048_H:7_W:7_;PARALLEL;5;2000;4.37168;0.00218559;6.93381e-06;


