Name;Descriptor;Mode;Warmup;Iterations;Duration;Mean;StdDev;
BatchNorm;N:32_C:1_H:224_W:224_;PARALLEL;5;4000;1.00313;0.000250736;3.95179e-05;

BatchNorm;N:32_C:64_H:112_W:112_;PARALLEL;5;1000;7.22159;0.00722145;1.14168e-05;

BatchNorm;N:32_C:256_H:112_W:112_;PARALLEL;5;200;6.07572;0.0303784;2.77454e-05;

BatchNorm;N:32_C:256_H:56_W:56_;PARALLEL;5;1000;7.70283;0.00770267;1.26003e-05;

BatchNorm;N:32_C:2048_H:7_W:7_;PARALLEL;5;2000;1.80211;0.000900925;6.11839e-06;


