Name;Descriptor;Mode;Warmup;Iterations;Duration;Mean;StdDev;
BatchNorm;N:32_C:1_H:224_W:224_;PARALLEL;5;4000;1.38401;0.000345953;4.73016e-05;

BatchNorm;N:32_C:64_H:112_W:112_;PARALLEL;5;1000;9.21661;0.0092164;4.51436e-05;

BatchNorm;N:32_C:256_H:112_W:112_;PARALLEL;5;200;7.63354;0.0381674;5.01455e-05;

BatchNorm;N:32_C:256_H:56_W:56_;PARALLEL;5;1000;9.50628;0.00950606;5.80037e-05;

BatchNorm;N:32_C:2048_H:7_W:7_;PARALLEL;5;2000;2.35802;0.00117886;5.89194e-06;


