Name;Descriptor;Mode;Warmup;Iterations;Duration;Mean;StdDev;
BatchNorm;N:32_C:1_H:224_W:224_;PARALLEL;5;4000;1.05701;0.000264215;4.12882e-05;

BatchNorm;N:32_C:64_H:112_W:112_;PARALLEL;5;1000;7.57245;0.00757231;1.21682e-05;

BatchNorm;N:32_C:256_H:112_W:112_;PARALLEL;5;200;6.31195;0.0315596;2.47442e-05;

BatchNorm;N:32_C:256_H:56_W:56_;PARALLEL;5;1000;8.01237;0.00801221;0.000205151;

BatchNorm;N:32_C:2048_H:7_W:7_;PARALLEL;5;2000;2.02855;0.0010141;5.57684e-06;


