Name;Descriptor;Mode;Warmup;Iterations;Duration;Mean;StdDev;
BatchNorm;N:32_C:1_H:224_W:224_;PARALLEL;5;4000;1.00356;0.000250846;3.29227e-05;

BatchNorm;N:32_C:64_H:112_W:112_;PARALLEL;5;1000;7.39499;0.00739484;1.30745e-05;

BatchNorm;N:32_C:256_H:112_W:112_;PARALLEL;5;200;6.04507;0.0302251;2.31828e-05;

BatchNorm;N:32_C:256_H:56_W:56_;PARALLEL;5;1000;7.67052;0.00767038;1.0327e-05;

BatchNorm;N:32_C:2048_H:7_W:7_;PARALLEL;5;2000;1.72584;0.000862745;4.95906e-06;


