Name;Descriptor;Mode;Warmup;Iterations;Duration;Mean;StdDev;
BatchNorm;N:32_C:1_H:224_W:224_;PARALLEL;5;4000;1.04635;0.000261546;3.4863e-05;

BatchNorm;N:32_C:64_H:112_W:112_;PARALLEL;5;1000;7.95932;0.00795917;2.70361e-05;

BatchNorm;N:32_C:256_H:112_W:112_;PARALLEL;5;200;6.61203;0.03306;2.74429e-05;

BatchNorm;N:32_C:256_H:56_W:56_;PARALLEL;5;1000;8.37267;0.00837252;3.10882e-05;

BatchNorm;N:32_C:2048_H:7_W:7_;PARALLEL;5;2000;2.2419;0.00112082;5.43766e-06;


