Name;Descriptor;Mode;Warmup;Iterations;Duration;Mean;StdDev;
BatchNorm;N:32_C:1_H:224_W:224_;PARALLEL;5;4000;5.00043;0.00125005;0.000116548;

BatchNorm;N:32_C:64_H:112_W:112_;PARALLEL;5;1000;23.4297;0.0234294;6.18745e-05;

BatchNorm;N:32_C:256_H:112_W:112_;PARALLEL;5;200;18.9912;0.0949556;0.000200562;

BatchNorm;N:32_C:256_H:56_W:56_;PARALLEL;5;1000;24.2483;0.024248;0.000129012;

BatchNorm;N:32_C:2048_H:7_W:7_;PARALLEL;5;2000;8.69478;0.00434711;3.28134e-05;


