Name;Descriptor;Mode;Warmup;Iterations;Duration;Mean;StdDev;
BatchNorm;N:32_C:1_H:224_W:224_;PARALLEL;5;4000;1.85236;0.000463058;4.31414e-05;

BatchNorm;N:32_C:64_H:112_W:112_;PARALLEL;5;1000;10.3514;0.0103511;2.89707e-05;

BatchNorm;N:32_C:256_H:112_W:112_;PARALLEL;5;200;8.53038;0.0426517;5.6578e-05;

BatchNorm;N:32_C:256_H:56_W:56_;PARALLEL;5;1000;10.6716;0.0106714;1.51907e-05;

BatchNorm;N:32_C:2048_H:7_W:7_;PARALLEL;5;2000;2.94143;0.00147059;6.71176e-06;


