Name;Descriptor;Mode;Warmup;Iterations;Duration;Mean;StdDev;
BatchNorm;N:32_C:1_H:224_W:224_;PARALLEL;5;4000;3.27989;0.00081992;0.000117394;

BatchNorm;N:32_C:64_H:112_W:112_;PARALLEL;5;1000;15.5643;0.0155641;2.59275e-05;

BatchNorm;N:32_C:256_H:112_W:112_;PARALLEL;5;200;12.7364;0.0636817;8.78264e-05;

BatchNorm;N:32_C:256_H:56_W:56_;PARALLEL;5;1000;16.0476;0.0160474;1.8502e-05;

BatchNorm;N:32_C:2048_H:7_W:7_;PARALLEL;5;2000;5.24747;0.00262357;9.23307e-06;


