Name;Descriptor;Mode;Warmup;Iterations;Duration;Mean;StdDev;
BatchNorm;N:32_C:1_H:224_W:224_;PARALLEL;5;4000;1.00164;0.000250385;4.12751e-05;

BatchNorm;N:32_C:64_H:112_W:112_;PARALLEL;5;1000;7.75506;0.00775484;1.26567e-05;

BatchNorm;N:32_C:256_H:112_W:112_;PARALLEL;5;200;6.47994;0.0323994;2.72883e-05;

BatchNorm;N:32_C:256_H:56_W:56_;PARALLEL;5;1000;8.17993;0.00817974;2.72369e-05;

BatchNorm;N:32_C:2048_H:7_W:7_;PARALLEL;5;2000;2.10346;0.00105155;5.38806e-06;


