Name;Descriptor;Mode;Warmup;Iterations;Duration;Mean;StdDev;
BatchNorm;N:32_C:1_H:224_W:224_;PARALLEL;5;4000;7.65089;0.00191264;2.27369e-05;

BatchNorm;N:32_C:64_H:112_W:112_;PARALLEL;5;1000;32.3641;0.0323639;0.000335856;

BatchNorm;N:32_C:256_H:112_W:112_;PARALLEL;5;200;26.0726;0.130363;0.000371009;

BatchNorm;N:32_C:256_H:56_W:56_;PARALLEL;5;1000;33.165;0.0331648;6.82878e-05;

BatchNorm;N:32_C:2048_H:7_W:7_;PARALLEL;5;2000;18.6974;0.00934849;0.00028849;


