Name;Descriptor;Mode;Warmup;Iterations;Duration;Mean;StdDev;
BatchNorm;N:32_C:1_H:224_W:224_;PARALLEL;5;4000;3.84954;0.000962328;4.06292e-05;

BatchNorm;N:32_C:64_H:112_W:112_;PARALLEL;5;1000;18.3169;0.0183167;2.22131e-05;

BatchNorm;N:32_C:256_H:112_W:112_;PARALLEL;5;200;14.776;0.0738797;3.73372e-05;

BatchNorm;N:32_C:256_H:56_W:56_;PARALLEL;5;1000;18.5815;0.0185813;0.000121642;

BatchNorm;N:32_C:2048_H:7_W:7_;PARALLEL;5;2000;9.59431;0.00479687;6.5959e-05;


