Name;Descriptor;Mode;Warmup;Iterations;Duration;Mean;StdDev;
BatchNorm;N:32_C:1_H:224_W:224_;PARALLEL;5;4000;1.94708;0.000486727;2.79651e-05;

BatchNorm;N:32_C:64_H:112_W:112_;PARALLEL;5;1000;12.3056;0.0123054;0.000132367;

BatchNorm;N:32_C:256_H:112_W:112_;PARALLEL;5;200;9.95787;0.0497892;0.000591543;

BatchNorm;N:32_C:256_H:56_W:56_;PARALLEL;5;1000;12.4567;0.0124565;0.000107361;

BatchNorm;N:32_C:2048_H:7_W:7_;PARALLEL;5;2000;5.57412;0.00278683;0.000228653;


