Name;Descriptor;Mode;Warmup;Iterations;Duration;Mean;StdDev;
BatchNorm;N:32_C:1_H:224_W:224_;PARALLEL;5;4000;5.27201;0.00131792;1.97033e-05;

BatchNorm;N:32_C:64_H:112_W:112_;PARALLEL;5;1000;23.2656;0.0232654;2.69475e-05;

BatchNorm;N:32_C:256_H:112_W:112_;PARALLEL;5;200;18.3545;0.0917722;0.000129548;

BatchNorm;N:32_C:256_H:56_W:56_;PARALLEL;5;1000;23.1958;0.0231956;1.8303e-05;

BatchNorm;N:32_C:2048_H:7_W:7_;PARALLEL;5;2000;12.8973;0.00644842;0.000157581;


