Name;Descriptor;Mode;Warmup;Iterations;Duration;Mean;StdDev;
BatchNorm;N:32_C:1_H:224_W:224_;PARALLEL;5;4000;1.79274;0.000448127;2.59595e-05;

BatchNorm;N:32_C:64_H:112_W:112_;PARALLEL;5;1000;11.0455;0.0110453;4.10411e-05;

BatchNorm;N:32_C:256_H:112_W:112_;PARALLEL;5;200;9.42576;0.0471286;0.000444421;

BatchNorm;N:32_C:256_H:56_W:56_;PARALLEL;5;1000;11.2506;0.0112503;5.7783e-05;

BatchNorm;N:32_C:2048_H:7_W:7_;PARALLEL;5;2000;5.36617;0.00268275;1.10729e-05;


