Name;Descriptor;Mode;Warmup;Iterations;Duration;Mean;StdDev;
BatchNorm;N:32_C:1_H:224_W:224_;PARALLEL;5;4000;3.36213;0.000840488;3.67666e-05;

BatchNorm;N:32_C:64_H:112_W:112_;PARALLEL;5;1000;15.7859;0.0157857;0.000152559;

BatchNorm;N:32_C:256_H:112_W:112_;PARALLEL;5;200;12.7336;0.0636679;0.000446118;

BatchNorm;N:32_C:256_H:56_W:56_;PARALLEL;5;1000;15.9115;0.0159113;1.3455e-05;

BatchNorm;N:32_C:2048_H:7_W:7_;PARALLEL;5;2000;7.84917;0.00392436;1.32515e-05;


