Name;Descriptor;Mode;Warmup;Iterations;Duration;Mean;StdDev;
BatchNorm;N:32_C:1_H:224_W:224_;PARALLEL;5;4000;2.40976;0.000602397;2.69887e-05;

BatchNorm;N:32_C:64_H:112_W:112_;PARALLEL;5;1000;13.0683;0.0130681;3.7351e-05;

BatchNorm;N:32_C:256_H:112_W:112_;PARALLEL;5;200;10.5516;0.0527579;2.23544e-05;

BatchNorm;N:32_C:256_H:56_W:56_;PARALLEL;5;1000;13.1987;0.0131985;2.72596e-05;

BatchNorm;N:32_C:2048_H:7_W:7_;PARALLEL;5;2000;6.01284;0.0030062;0.000235876;


