Name;Descriptor;Mode;Warmup;Iterations;Duration;Mean;StdDev;
BatchNorm;N:32_C:1_H:224_W:224_;PARALLEL;5;4000;1.68656;0.000421587;2.43811e-05;

BatchNorm;N:32_C:64_H:112_W:112_;PARALLEL;5;1000;10.9208;0.0109206;0.000157821;

BatchNorm;N:32_C:256_H:112_W:112_;PARALLEL;5;200;9.26133;0.0463064;0.00049335;

BatchNorm;N:32_C:256_H:56_W:56_;PARALLEL;5;1000;11.1977;0.0111974;0.00012322;

BatchNorm;N:32_C:2048_H:7_W:7_;PARALLEL;5;2000;4.97335;0.00248634;3.52286e-05;


