Name;Descriptor;Mode;Warmup;Iterations;Duration;Mean;StdDev;
BatchNorm;N:32_C:1_H:224_W:224_;PARALLEL;5;4000;1.68558;0.00042129;2.64032e-05;

BatchNorm;N:32_C:64_H:112_W:112_;PARALLEL;5;1000;10.8338;0.0108335;0.000128125;

BatchNorm;N:32_C:256_H:112_W:112_;PARALLEL;5;200;9.04704;0.045235;0.000610222;

BatchNorm;N:32_C:256_H:56_W:56_;PARALLEL;5;1000;11.0555;0.0110553;0.000104054;

BatchNorm;N:32_C:2048_H:7_W:7_;PARALLEL;5;2000;4.67775;0.00233857;1.3096e-05;


