Name;Descriptor;Mode;Warmup;Iterations;Duration;Mean;StdDev;
BatchNorm;N:32_C:1_H:224_W:224_;PARALLEL;5;4000;2.12733;0.000531789;3.99769e-05;

BatchNorm;N:32_C:64_H:112_W:112_;PARALLEL;5;1000;9.94164;0.0099415;1.54421e-05;

BatchNorm;N:32_C:256_H:112_W:112_;PARALLEL;5;200;8.04633;0.0402315;3.5293e-05;

BatchNorm;N:32_C:256_H:56_W:56_;PARALLEL;5;1000;10.3623;0.0103622;2.8755e-05;

BatchNorm;N:32_C:2048_H:7_W:7_;PARALLEL;5;2000;3.60938;0.00180461;8.12457e-05;


