Name;Descriptor;Mode;Warmup;Iterations;Duration;Mean;StdDev;
BatchNorm;N:32_C:1_H:224_W:224_;PARALLEL;5;4000;2.12762;0.000531873;4.03664e-05;

BatchNorm;N:32_C:64_H:112_W:112_;PARALLEL;5;1000;8.73373;0.00873358;2.16343e-05;

BatchNorm;N:32_C:256_H:112_W:112_;PARALLEL;5;200;7.21382;0.036069;7.6977e-05;

BatchNorm;N:32_C:256_H:56_W:56_;PARALLEL;5;1000;9.16953;0.0091694;3.05511e-05;

BatchNorm;N:32_C:2048_H:7_W:7_;PARALLEL;5;2000;3.11019;0.00155504;8.50003e-06;


