Name;Descriptor;Mode;Warmup;Iterations;Duration;Mean;StdDev;
BatchNorm;N:32_C:1_H:224_W:224_;PARALLEL;5;4000;1.38124;0.000345259;4.47062e-05;

BatchNorm;N:32_C:64_H:112_W:112_;PARALLEL;5;1000;7.67071;0.00767055;0.000121053;

BatchNorm;N:32_C:256_H:112_W:112_;PARALLEL;5;200;6.3923;0.0319613;0.00016417;

BatchNorm;N:32_C:256_H:56_W:56_;PARALLEL;5;1000;8.07641;0.00807628;7.83696e-05;

BatchNorm;N:32_C:2048_H:7_W:7_;PARALLEL;5;2000;2.67001;0.00133495;1.91053e-05;


