Name;Descriptor;Mode;Warmup;Iterations;Duration;Mean;StdDev;
BatchNorm;N:32_C:1_H:224_W:224_;PARALLEL;5;4000;3.12664;0.000781615;9.5043e-05;

BatchNorm;N:32_C:64_H:112_W:112_;PARALLEL;5;1000;12.7759;0.0127757;3.41564e-05;

BatchNorm;N:32_C:256_H:112_W:112_;PARALLEL;5;200;10.2726;0.0513626;9.27574e-05;

BatchNorm;N:32_C:256_H:56_W:56_;PARALLEL;5;1000;13.4136;0.0134134;3.32998e-05;

BatchNorm;N:32_C:2048_H:7_W:7_;PARALLEL;5;2000;5.63472;0.00281729;1.67018e-05;


