Name;Descriptor;Mode;Warmup;Iterations;Duration;Mean;StdDev;
BatchNorm;N:32_C:1_H:224_W:224_;PARALLEL;5;4000;2.12772;0.000531871;1.46999e-05;

BatchNorm;N:32_C:64_H:112_W:112_;PARALLEL;5;1000;7.21307;0.00721284;0.000131437;

BatchNorm;N:32_C:256_H:112_W:112_;PARALLEL;5;200;6.08579;0.0304288;0.000146312;

BatchNorm;N:32_C:256_H:56_W:56_;PARALLEL;5;1000;7.68103;0.00768079;8.85771e-05;

BatchNorm;N:32_C:2048_H:7_W:7_;PARALLEL;5;2000;2.20997;0.00110489;1.09607e-05;


