Name;Descriptor;Mode;Warmup;Iterations;Duration;Mean;StdDev;
BatchNorm;N:32_C:1_H:224_W:224_;PARALLEL;5;4000;2.03441;0.000508555;4.43363e-05;

BatchNorm;N:32_C:64_H:112_W:112_;PARALLEL;5;1000;7.8007;0.00780044;4.72335e-05;

BatchNorm;N:32_C:256_H:112_W:112_;PARALLEL;5;200;6.47423;0.0323709;0.000455028;

BatchNorm;N:32_C:256_H:56_W:56_;PARALLEL;5;1000;8.20731;0.00820708;4.60394e-05;

BatchNorm;N:32_C:2048_H:7_W:7_;PARALLEL;5;2000;2.82323;0.00141153;1.35387e-05;


