Name;Descriptor;Mode;Warmup;Iterations;Duration;Mean;StdDev;
BatchNorm;N:32_C:1_H:224_W:224_;PARALLEL;5;4000;2.03544;0.000508821;4.57283e-05;

BatchNorm;N:32_C:64_H:112_W:112_;PARALLEL;5;1000;7.96877;0.00796861;2.30793e-05;

BatchNorm;N:32_C:256_H:112_W:112_;PARALLEL;5;200;6.59067;0.0329533;7.13795e-05;

BatchNorm;N:32_C:256_H:56_W:56_;PARALLEL;5;1000;8.4214;0.00842125;5.57032e-05;

BatchNorm;N:32_C:2048_H:7_W:7_;PARALLEL;5;2000;3.0031;0.00150147;1.19252e-05;


