Name;Descriptor;Mode;Warmup;Iterations;Duration;Mean;StdDev;
BatchNorm;N:32_C:1_H:224_W:224_;PARALLEL;5;4000;6.64916;0.00166226;3.49977e-05;

BatchNorm;N:32_C:64_H:112_W:112_;PARALLEL;5;1000;28.6862;0.028686;0.000149223;

BatchNorm;N:32_C:256_H:112_W:112_;PARALLEL;5;200;23.045;0.115225;0.000373785;

BatchNorm;N:32_C:256_H:56_W:56_;PARALLEL;5;1000;30.1127;0.0301125;0.000156557;

BatchNorm;N:32_C:2048_H:7_W:7_;PARALLEL;5;2000;12.7432;0.00637135;5.01577e-05;


