Name;Descriptor;Mode;Warmup;Iterations;Duration;Mean;StdDev;
BatchNorm;N:32_C:1_H:224_W:224_;PARALLEL;5;4000;1.24668;0.000311637;4.69708e-05;

BatchNorm;N:32_C:64_H:112_W:112_;PARALLEL;5;1000;7.31035;0.0073102;0.000244348;

BatchNorm;N:32_C:256_H:112_W:112_;PARALLEL;5;200;6.1738;0.0308688;0.000616922;

BatchNorm;N:32_C:256_H:56_W:56_;PARALLEL;5;1000;7.83868;0.00783853;0.000416382;

BatchNorm;N:32_C:2048_H:7_W:7_;PARALLEL;5;2000;2.13198;0.00106588;4.71947e-05;


