Name;Descriptor;Mode;Warmup;Iterations;Duration;Mean;StdDev;
BatchNorm;N:32_C:1_H:224_W:224_;PARALLEL;5;4000;1.98157;0.00049535;5.23188e-05;

BatchNorm;N:32_C:64_H:112_W:112_;PARALLEL;5;1000;8.59758;0.00859736;0.000104387;

BatchNorm;N:32_C:256_H:112_W:112_;PARALLEL;5;200;7.01459;0.0350728;0.000181376;

BatchNorm;N:32_C:256_H:56_W:56_;PARALLEL;5;1000;9.22167;0.00922147;0.000541394;

BatchNorm;N:32_C:2048_H:7_W:7_;PARALLEL;5;2000;3.48555;0.00174262;0.000177534;


