Name;Descriptor;Mode;Warmup;Iterations;Duration;Mean;StdDev;
BatchNorm;N:32_C:1_H:224_W:224_;PARALLEL;5;4000;2.24163;0.000560364;3.01744e-05;

BatchNorm;N:32_C:64_H:112_W:112_;PARALLEL;5;1000;8.45129;0.00845112;3.39457e-05;

BatchNorm;N:32_C:256_H:112_W:112_;PARALLEL;5;200;6.97088;0.0348542;0.000118718;

BatchNorm;N:32_C:256_H:56_W:56_;PARALLEL;5;1000;8.86639;0.00886621;3.79798e-05;

BatchNorm;N:32_C:2048_H:7_W:7_;PARALLEL;5;2000;3.00106;0.00150046;9.254e-06;


