Name;Descriptor;Mode;Warmup;Iterations;Duration;Mean;StdDev;
BatchNorm;N:32_C:1_H:224_W:224_;PARALLEL;5;4000;2.3191;0.000579725;3.65496e-05;

BatchNorm;N:32_C:64_H:112_W:112_;PARALLEL;5;1000;7.40206;0.00740195;3.0149e-05;

BatchNorm;N:32_C:256_H:112_W:112_;PARALLEL;5;200;6.16191;0.0308094;7.39118e-05;

BatchNorm;N:32_C:256_H:56_W:56_;PARALLEL;5;1000;7.8339;0.00783375;3.47887e-05;

BatchNorm;N:32_C:2048_H:7_W:7_;PARALLEL;5;2000;2.47838;0.00123913;9.94788e-06;


