Name;Descriptor;Mode;Warmup;Iterations;Duration;Mean;StdDev;
BatchNorm;N:32_C:1_H:224_W:224_;PARALLEL;5;4000;2.13608;0.000533977;4.39312e-05;

BatchNorm;N:32_C:64_H:112_W:112_;PARALLEL;5;1000;7.71231;0.0077121;1.77539e-05;

BatchNorm;N:32_C:256_H:112_W:112_;PARALLEL;5;200;6.4272;0.0321358;5.70662e-05;

BatchNorm;N:32_C:256_H:56_W:56_;PARALLEL;5;1000;8.14545;0.00814526;2.41109e-05;

BatchNorm;N:32_C:2048_H:7_W:7_;PARALLEL;5;2000;2.68419;0.001342;9.81958e-06;


