Name;Descriptor;Mode;Warmup;Iterations;Duration;Mean;StdDev;
BatchNorm;N:32_C:1_H:224_W:224_;PARALLEL;5;4000;4.32675;0.00108164;9.82796e-05;

BatchNorm;N:32_C:64_H:112_W:112_;PARALLEL;5;1000;14.7581;0.0147579;3.70397e-05;

BatchNorm;N:32_C:256_H:112_W:112_;PARALLEL;5;200;11.8374;0.0591869;8.85859e-05;

BatchNorm;N:32_C:256_H:56_W:56_;PARALLEL;5;1000;15.475;0.0154749;4.79362e-05;

BatchNorm;N:32_C:2048_H:7_W:7_;PARALLEL;5;2000;6.44686;0.00322322;1.67383e-05;


