Name;Descriptor;Mode;Warmup;Iterations;Duration;Mean;StdDev;
BatchNorm;N:32_C:1_H:224_W:224_;PARALLEL;5;4000;2.14827;0.000537013;3.93963e-05;

BatchNorm;N:32_C:64_H:112_W:112_;PARALLEL;5;1000;7.56437;0.00756423;5.22222e-05;

BatchNorm;N:32_C:256_H:112_W:112_;PARALLEL;5;200;6.26767;0.0313382;0.000100984;

BatchNorm;N:32_C:256_H:56_W:56_;PARALLEL;5;1000;7.95885;0.00795869;2.70274e-05;

BatchNorm;N:32_C:2048_H:7_W:7_;PARALLEL;5;2000;2.57836;0.00128914;6.79471e-06;


