Name;Descriptor;Mode;Warmup;Iterations;Duration;Mean;StdDev;
BatchNorm;N:32_C:1_H:224_W:224_;PARALLEL;5;4000;2.5153;0.000628773;7.7762e-05;

BatchNorm;N:32_C:64_H:112_W:112_;PARALLEL;5;1000;10.2801;0.01028;4.75209e-05;

BatchNorm;N:32_C:256_H:112_W:112_;PARALLEL;5;200;8.29401;0.0414698;0.000153154;

BatchNorm;N:32_C:256_H:56_W:56_;PARALLEL;5;1000;10.8162;0.010816;5.36386e-05;

BatchNorm;N:32_C:2048_H:7_W:7_;PARALLEL;5;2000;4.3576;0.00217866;2.43749e-05;


