Name;Descriptor;Mode;Warmup;Iterations;Duration;Mean;StdDev;
BatchNorm;N:32_C:1_H:224_W:224_;PARALLEL;5;4000;2.14566;0.000536368;4.33368e-05;

BatchNorm;N:32_C:64_H:112_W:112_;PARALLEL;5;1000;8.14938;0.00814917;1.27063e-05;

BatchNorm;N:32_C:256_H:112_W:112_;PARALLEL;5;200;6.71905;0.033595;0.000197197;

BatchNorm;N:32_C:256_H:56_W:56_;PARALLEL;5;1000;8.58261;0.00858237;3.59054e-05;

BatchNorm;N:32_C:2048_H:7_W:7_;PARALLEL;5;2000;2.87136;0.00143559;5.74024e-06;


