Name;Descriptor;Mode;Warmup;Iterations;Duration;Mean;StdDev;
BatchNorm;N:32_C:1_H:224_W:224_;PARALLEL;5;4000;1.94701;0.000486707;5.5557e-05;

BatchNorm;N:32_C:64_H:112_W:112_;PARALLEL;5;1000;9.1869;0.00918676;0.000550151;

BatchNorm;N:32_C:256_H:112_W:112_;PARALLEL;5;200;7.34727;0.0367362;0.000316981;

BatchNorm;N:32_C:256_H:56_W:56_;PARALLEL;5;1000;9.51959;0.00951946;0.000125207;

BatchNorm;N:32_C:2048_H:7_W:7_;PARALLEL;5;2000;3.68072;0.00184029;5.67451e-05;


