Name;Descriptor;Mode;Warmup;Iterations;Duration;Mean;StdDev;
BatchNorm;N:32_C:1_H:224_W:224_;PARALLEL;5;4000;4.9149;0.00122868;2.36959e-06;

BatchNorm;N:32_C:64_H:112_W:112_;PARALLEL;5;1000;18.1955;0.0181952;1.53143e-05;

BatchNorm;N:32_C:256_H:112_W:112_;PARALLEL;5;200;14.1588;0.0707937;3.78612e-05;

BatchNorm;N:32_C:256_H:56_W:56_;PARALLEL;5;1000;18.0295;0.0180293;1.47826e-05;

BatchNorm;N:32_C:2048_H:7_W:7_;PARALLEL;5;2000;7.82577;0.00391258;6.82038e-06;


