Name;Descriptor;Mode;Warmup;Iterations;Duration;Mean;StdDev;
BatchNorm;N:32_C:1_H:224_W:224_;PARALLEL;5;4000;3.41065;0.000852619;4.27608e-05;

BatchNorm;N:32_C:64_H:112_W:112_;PARALLEL;5;1000;14.4729;0.0144728;0.000123329;

BatchNorm;N:32_C:256_H:112_W:112_;PARALLEL;5;200;11.3795;0.0568972;0.000234624;

BatchNorm;N:32_C:256_H:56_W:56_;PARALLEL;5;1000;14.6015;0.0146013;6.64631e-05;

BatchNorm;N:32_C:2048_H:7_W:7_;PARALLEL;5;2000;7.05802;0.00352881;5.42136e-05;


