Name;Descriptor;Mode;Warmup;Iterations;Duration;Mean;StdDev;
BatchNorm;N:32_C:1_H:224_W:224_;PARALLEL;5;4000;2.75511;0.000688739;3.69992e-05;

BatchNorm;N:32_C:64_H:112_W:112_;PARALLEL;5;1000;13.0589;0.0130587;0.000278996;

BatchNorm;N:32_C:256_H:112_W:112_;PARALLEL;5;200;10.317;0.0515849;0.00313056;

BatchNorm;N:32_C:256_H:56_W:56_;PARALLEL;5;1000;13.1396;0.0131394;8.89647e-05;

BatchNorm;N:32_C:2048_H:7_W:7_;PARALLEL;5;2000;6.22761;0.00311361;2.17985e-05;


