Name;Descriptor;Mode;Warmup;Iterations;Duration;Mean;StdDev;
BatchNorm;N:32_C:1_H:224_W:224_;PARALLEL;5;4000;10.7846;0.00269609;9.94828e-06;

BatchNorm;N:32_C:64_H:112_W:112_;PARALLEL;5;1000;45.7729;0.0457727;0.000987865;

BatchNorm;N:32_C:256_H:112_W:112_;PARALLEL;5;200;36.5284;0.182642;0.002445;

BatchNorm;N:32_C:256_H:56_W:56_;PARALLEL;5;1000;47.1509;0.0471507;0.00235252;

BatchNorm;N:32_C:2048_H:7_W:7_;PARALLEL;5;2000;23.798;0.0118988;3.65102e-05;


