Name;Descriptor;Mode;Warmup;Iterations;Duration;Mean;StdDev;
BatchNorm;N:32_C:1_H:224_W:224_;PARALLEL;5;4000;5.42465;0.0013561;2.8283e-05;

BatchNorm;N:32_C:64_H:112_W:112_;PARALLEL;5;1000;23.5944;0.0235942;3.77066e-05;

BatchNorm;N:32_C:256_H:112_W:112_;PARALLEL;5;200;18.7108;0.0935539;0.000143066;

BatchNorm;N:32_C:256_H:56_W:56_;PARALLEL;5;1000;24.0837;0.0240836;0.000566845;

BatchNorm;N:32_C:2048_H:7_W:7_;PARALLEL;5;2000;12.0784;0.00603894;1.43012e-05;


