Name;Descriptor;Mode;Warmup;Iterations;Duration;Mean;StdDev;
BatchNorm;N:32_C:1_H:224_W:224_;PARALLEL;5;4000;7.40951;0.00185232;3.02606e-06;

BatchNorm;N:32_C:64_H:112_W:112_;PARALLEL;5;1000;30.9888;0.0309886;0.00016519;

BatchNorm;N:32_C:256_H:112_W:112_;PARALLEL;5;200;24.6389;0.123194;9.43794e-05;

BatchNorm;N:32_C:256_H:56_W:56_;PARALLEL;5;1000;31.6833;0.0316832;3.41918e-05;

BatchNorm;N:32_C:2048_H:7_W:7_;PARALLEL;5;2000;16.1054;0.00805244;0.000176298;


