Name;Descriptor;Mode;Warmup;Iterations;Duration;Mean;StdDev;
BatchNorm;N:32_C:1_H:224_W:224_;PARALLEL;5;4000;3.60156;0.000900316;1.68212e-05;

BatchNorm;N:32_C:64_H:112_W:112_;PARALLEL;5;1000;13.7022;0.013702;2.38258e-05;

BatchNorm;N:32_C:256_H:112_W:112_;PARALLEL;5;200;10.7337;0.0536683;3.00014e-05;

BatchNorm;N:32_C:256_H:56_W:56_;PARALLEL;5;1000;13.7794;0.0137792;3.89906e-05;

BatchNorm;N:32_C:2048_H:7_W:7_;PARALLEL;5;2000;5.93015;0.00296481;7.57497e-06;


