Name;Descriptor;Mode;Warmup;Iterations;Duration;Mean;StdDev;
BatchNorm;N:32_C:1_H:224_W:224_;PARALLEL;5;4000;4.06754;0.00101685;2.65994e-05;

BatchNorm;N:32_C:64_H:112_W:112_;PARALLEL;5;1000;16.4593;0.0164592;6.95089e-05;

BatchNorm;N:32_C:256_H:112_W:112_;PARALLEL;5;200;13.0721;0.0653603;0.00387059;

BatchNorm;N:32_C:256_H:56_W:56_;PARALLEL;5;1000;16.6363;0.0166362;6.0572e-05;

BatchNorm;N:32_C:2048_H:7_W:7_;PARALLEL;5;2000;8.26667;0.00413307;0.00026459;


