Name;Descriptor;Mode;Warmup;Iterations;Duration;Mean;StdDev;
BatchNorm;N:32_C:1_H:224_W:224_;PARALLEL;5;4000;6.49325;0.00162321;3.48698e-05;

BatchNorm;N:32_C:64_H:112_W:112_;PARALLEL;5;1000;30.5166;0.0305164;7.43058e-05;

BatchNorm;N:32_C:256_H:112_W:112_;PARALLEL;5;200;24.3858;0.121929;0.000140545;

BatchNorm;N:32_C:256_H:56_W:56_;PARALLEL;5;1000;31.7835;0.0317833;4.58312e-05;

BatchNorm;N:32_C:2048_H:7_W:7_;PARALLEL;5;2000;12.7192;0.00635939;3.40507e-05;


