Name;Descriptor;Mode;Warmup;Iterations;Duration;Mean;StdDev;
BatchNorm;N:32_C:1_H:224_W:224_;PARALLEL;5;4000;5.31901;0.00132971;2.35801e-05;

BatchNorm;N:32_C:64_H:112_W:112_;PARALLEL;5;1000;23.6069;0.0236068;0.000102326;

BatchNorm;N:32_C:256_H:112_W:112_;PARALLEL;5;200;18.6587;0.0932934;0.00031494;

BatchNorm;N:32_C:256_H:56_W:56_;PARALLEL;5;1000;24.7345;0.0247344;0.000130752;

BatchNorm;N:32_C:2048_H:7_W:7_;PARALLEL;5;2000;9.5296;0.00476467;3.87736e-05;


