Name;Descriptor;Mode;Warmup;Iterations;Duration;Mean;StdDev;
BatchNorm;N:32_C:1_H:224_W:224_;PARALLEL;5;4000;5.08337;0.00127074;9.66593e-05;

BatchNorm;N:32_C:64_H:112_W:112_;PARALLEL;5;1000;24.4873;0.0244871;0.000729867;

BatchNorm;N:32_C:256_H:112_W:112_;PARALLEL;5;200;19.7245;0.0986221;0.00142331;

BatchNorm;N:32_C:256_H:56_W:56_;PARALLEL;5;1000;25.8267;0.0258265;0.000733115;

BatchNorm;N:32_C:2048_H:7_W:7_;PARALLEL;5;2000;10.3058;0.00515269;0.000250296;


