Name;Descriptor;Mode;Warmup;Iterations;Duration;Mean;StdDev;
BatchNorm;N:32_C:1_H:224_W:224_;PARALLEL;5;4000;0.983699;0.000245894;3.03623e-05;

BatchNorm;N:32_C:64_H:112_W:112_;PARALLEL;5;1000;7.10804;0.00710776;1.28556e-05;

BatchNorm;N:32_C:256_H:112_W:112_;PARALLEL;5;200;5.9999;0.0299993;2.87656e-05;

BatchNorm;N:32_C:256_H:56_W:56_;PARALLEL;5;1000;7.58281;0.00758255;1.29689e-05;

BatchNorm;N:32_C:2048_H:7_W:7_;PARALLEL;5;2000;1.6711;0.000835489;4.14812e-05;


