Name;Descriptor;Mode;Warmup;Iterations;Duration;Mean;StdDev;
BatchNorm;N:32_C:1_H:224_W:224_;PARALLEL;5;4000;1.37169;0.000342886;4.55769e-05;

BatchNorm;N:32_C:64_H:112_W:112_;PARALLEL;5;1000;8.47592;0.00847568;1.07792e-05;

BatchNorm;N:32_C:256_H:112_W:112_;PARALLEL;5;200;6.98844;0.034942;2.97512e-05;

BatchNorm;N:32_C:256_H:56_W:56_;PARALLEL;5;1000;8.78417;0.00878394;1.70878e-05;

BatchNorm;N:32_C:2048_H:7_W:7_;PARALLEL;5;2000;2.39334;0.00119656;6.10693e-05;


