Name;Descriptor;Mode;Warmup;Iterations;Duration;Mean;StdDev;
BatchNorm;N:32_C:1_H:224_W:224_;PARALLEL;5;4000;1.90244;0.000475572;7.62725e-05;

BatchNorm;N:32_C:64_H:112_W:112_;PARALLEL;5;1000;11.0501;0.0110498;1.8302e-05;

BatchNorm;N:32_C:256_H:112_W:112_;PARALLEL;5;200;9.03251;0.0451623;5.70618e-05;

BatchNorm;N:32_C:256_H:56_W:56_;PARALLEL;5;1000;11.4996;0.0114994;1.3246e-05;

BatchNorm;N:32_C:2048_H:7_W:7_;PARALLEL;5;2000;3.9657;0.00198275;3.31851e-05;


