Name;Descriptor;Mode;Warmup;Iterations;Duration;Mean;StdDev;
BatchNorm;N:32_C:1_H:224_W:224_;PARALLEL;5;4000;0.970351;0.000242495;8.95019e-06;

BatchNorm;N:32_C:64_H:112_W:112_;PARALLEL;5;1000;7.14994;0.0071497;2.81229e-05;

BatchNorm;N:32_C:256_H:112_W:112_;PARALLEL;5;200;6.03611;0.0301803;3.89884e-05;

BatchNorm;N:32_C:256_H:56_W:56_;PARALLEL;5;1000;7.66127;0.00766104;0.000155268;

BatchNorm;N:32_C:2048_H:7_W:7_;PARALLEL;5;2000;1.61621;0.000808043;4.45187e-05;


