Name;Descriptor;Mode;Warmup;Iterations;Duration;Mean;StdDev;
BatchNorm;N:32_C:1_H:224_W:224_;PARALLEL;5;4000;1.38526;0.000346277;3.97196e-05;

BatchNorm;N:32_C:64_H:112_W:112_;PARALLEL;5;1000;9.15572;0.00915553;1.38736e-05;

BatchNorm;N:32_C:256_H:112_W:112_;PARALLEL;5;200;7.53663;0.037683;4.20381e-05;

BatchNorm;N:32_C:256_H:56_W:56_;PARALLEL;5;1000;9.48648;0.0094863;1.46613e-05;

BatchNorm;N:32_C:2048_H:7_W:7_;PARALLEL;5;2000;2.8286;0.00141424;4.15583e-05;


