Name;Descriptor;Mode;Warmup;Iterations;Duration;Mean;StdDev;
BatchNorm;N:32_C:1_H:224_W:224_;PARALLEL;5;4000;0.998878;0.000249682;3.62731e-05;

BatchNorm;N:32_C:64_H:112_W:112_;PARALLEL;5;1000;7.18549;0.00718527;1.96998e-05;

BatchNorm;N:32_C:256_H:112_W:112_;PARALLEL;5;200;6.04415;0.0302205;2.0339e-05;

BatchNorm;N:32_C:256_H:56_W:56_;PARALLEL;5;1000;7.64277;0.00764252;2.24784e-05;

BatchNorm;N:32_C:2048_H:7_W:7_;PARALLEL;5;2000;1.86704;0.000933384;3.65319e-05;


