Name;Descriptor;Mode;Warmup;Iterations;Duration;Mean;StdDev;
BatchNorm;N:32_C:1_H:224_W:224_;PARALLEL;5;4000;1.82278;0.000455657;4.21256e-05;

BatchNorm;N:32_C:64_H:112_W:112_;PARALLEL;5;1000;9.65218;0.00965194;1.37197e-05;

BatchNorm;N:32_C:256_H:112_W:112_;PARALLEL;5;200;7.93154;0.0396575;4.6612e-05;

BatchNorm;N:32_C:256_H:56_W:56_;PARALLEL;5;1000;10.0096;0.0100094;2.5957e-05;

BatchNorm;N:32_C:2048_H:7_W:7_;PARALLEL;5;2000;3.11376;0.00155681;4.0987e-05;


