Name;Descriptor;Mode;Warmup;Iterations;Duration;Mean;StdDev;
BatchNorm;N:32_C:1_H:224_W:224_;PARALLEL;5;4000;6.94592;0.0017364;7.56226e-05;

BatchNorm;N:32_C:64_H:112_W:112_;PARALLEL;5;1000;33.475;0.0334748;0.000138667;

BatchNorm;N:32_C:256_H:112_W:112_;PARALLEL;5;200;27.1121;0.13556;0.000343959;

BatchNorm;N:32_C:256_H:56_W:56_;PARALLEL;5;1000;34.719;0.0347188;0.000104146;

BatchNorm;N:32_C:2048_H:7_W:7_;PARALLEL;5;2000;15.0419;0.00752076;4.55106e-05;


