Name;Descriptor;Mode;Warmup;Iterations;Duration;Mean;StdDev;
BatchNorm;N:32_C:1_H:224_W:224_;PARALLEL;5;4000;5.00875;0.00125215;0.000102289;

BatchNorm;N:32_C:64_H:112_W:112_;PARALLEL;5;1000;23.3803;0.0233801;4.55634e-05;

BatchNorm;N:32_C:256_H:112_W:112_;PARALLEL;5;200;18.8978;0.0944887;0.000120614;

BatchNorm;N:32_C:256_H:56_W:56_;PARALLEL;5;1000;24.278;0.0242777;5.95906e-05;

BatchNorm;N:32_C:2048_H:7_W:7_;PARALLEL;5;2000;10.3806;0.00519006;2.41286e-05;


