Name;Descriptor;Mode;Warmup;Iterations;Duration;Mean;StdDev;
BatchNorm;N:32_C:1_H:224_W:224_;PARALLEL;5;4000;0.999487;0.000249848;3.73413e-05;

BatchNorm;N:32_C:64_H:112_W:112_;PARALLEL;5;1000;7.26351;0.00726326;1.76617e-05;

BatchNorm;N:32_C:256_H:112_W:112_;PARALLEL;5;200;6.08889;0.0304442;2.46645e-05;

BatchNorm;N:32_C:256_H:56_W:56_;PARALLEL;5;1000;7.7358;0.00773555;3.45915e-05;

BatchNorm;N:32_C:2048_H:7_W:7_;PARALLEL;5;2000;1.92328;0.000961589;4.92747e-05;


