Name;Descriptor;Mode;Warmup;Iterations;Duration;Mean;StdDev;
BatchNorm;N:32_C:1_H:224_W:224_;PARALLEL;5;4000;2.80464;0.000701122;8.66622e-05;

BatchNorm;N:32_C:64_H:112_W:112_;PARALLEL;5;1000;13.4736;0.0134734;1.99129e-05;

BatchNorm;N:32_C:256_H:112_W:112_;PARALLEL;5;200;10.9536;0.0547677;6.51929e-05;

BatchNorm;N:32_C:256_H:56_W:56_;PARALLEL;5;1000;14.0589;0.0140587;1.7116e-05;

BatchNorm;N:32_C:2048_H:7_W:7_;PARALLEL;5;2000;5.28976;0.0026448;2.17054e-05;


