Name;Descriptor;Mode;Warmup;Iterations;Duration;Mean;StdDev;
BatchNorm;N:32_C:1_H:224_W:224_;PARALLEL;5;4000;1.06158;0.000265373;3.69476e-05;

BatchNorm;N:32_C:64_H:112_W:112_;PARALLEL;5;1000;8.26897;0.00826871;1.76517e-05;

BatchNorm;N:32_C:256_H:112_W:112_;PARALLEL;5;200;6.82766;0.0341381;4.2634e-05;

BatchNorm;N:32_C:256_H:56_W:56_;PARALLEL;5;1000;8.69366;0.00869339;1.19317e-05;

BatchNorm;N:32_C:2048_H:7_W:7_;PARALLEL;5;2000;2.48986;0.00124483;2.19867e-05;


