Name;Descriptor;Mode;Warmup;Iterations;Duration;Mean;StdDev;
BatchNorm;N:32_C:1_H:224_W:224_;PARALLEL;5;4000;1.00036;0.000250066;3.34699e-05;

BatchNorm;N:32_C:64_H:112_W:112_;PARALLEL;5;1000;7.38638;0.00738617;3.18258e-05;

BatchNorm;N:32_C:256_H:112_W:112_;PARALLEL;5;200;6.1823;0.0309113;2.3092e-05;

BatchNorm;N:32_C:256_H:56_W:56_;PARALLEL;5;1000;7.81661;0.00781639;1.09716e-05;

BatchNorm;N:32_C:2048_H:7_W:7_;PARALLEL;5;2000;2.02257;0.00101118;3.21869e-05;


