Name;Descriptor;Mode;Warmup;Iterations;Duration;Mean;StdDev;
BatchNorm;N:32_C:1_H:224_W:224_;PARALLEL;5;4000;0.991463;0.000247755;3.43885e-05;

BatchNorm;N:32_C:64_H:112_W:112_;PARALLEL;5;1000;7.15534;0.00715518;1.88633e-05;

BatchNorm;N:32_C:256_H:112_W:112_;PARALLEL;5;200;6.00639;0.0300318;2.22642e-05;

BatchNorm;N:32_C:256_H:56_W:56_;PARALLEL;5;1000;7.6203;0.00762015;3.09897e-05;

BatchNorm;N:32_C:2048_H:7_W:7_;PARALLEL;5;2000;1.79273;0.000896217;3.94031e-05;


