Name;Descriptor;Mode;Warmup;Iterations;Duration;Mean;StdDev;
RunParallel_opt;5;500;8.51048;0.0170209;0.000596643;
Serial;5;500;2.00564;0.00401121;1.75244e-05;

RunParallel_opt;5;50;8.13692;0.162738;0.00328821;
Serial;5;50;3.7624;0.0752478;0.00653649;

RunParallel_opt;5;20;12.746;0.637299;0.00817754;
Serial;5;20;6.01556;0.300778;0.00220919;

RunParallel_opt;5;50;9.22296;0.184459;0.00322053;
Serial;5;50;3.86755;0.0773507;0.00658984;


