Name;Descriptor;Mode;Warmup;Iterations;Duration;Mean;StdDev;
BatchNorm;N:32_C:1_H:224_W:224_;PARALLEL;5;4000;1.97704;0.00049421;5.22651e-05;

BatchNorm;N:32_C:64_H:112_W:112_;PARALLEL;5;1000;8.38564;0.00838546;1.45606e-05;

BatchNorm;N:32_C:256_H:112_W:112_;PARALLEL;5;200;6.85636;0.0342816;4.25408e-05;

BatchNorm;N:32_C:256_H:56_W:56_;PARALLEL;5;1000;8.84763;0.00884743;3.13534e-05;

BatchNorm;N:32_C:2048_H:7_W:7_;PARALLEL;5;2000;2.96321;0.00148147;7.70275e-06;


