Name;Descriptor;Mode;Warmup;Iterations;Duration;Mean;StdDev;
BatchNorm;N:32_C:1_H:224_W:224_;PARALLEL;5;4000;2.08078;0.000520154;4.86736e-05;

BatchNorm;N:32_C:64_H:112_W:112_;PARALLEL;5;1000;10.6177;0.0106175;1.16369e-05;

BatchNorm;N:32_C:256_H:112_W:112_;PARALLEL;5;200;8.56795;0.0428395;4.42608e-05;

BatchNorm;N:32_C:256_H:56_W:56_;PARALLEL;5;1000;11.1272;0.011127;2.69023e-05;

BatchNorm;N:32_C:2048_H:7_W:7_;PARALLEL;5;2000;3.89254;0.00194615;4.86989e-06;


