Name;Descriptor;Mode;Warmup;Iterations;Duration;Mean;StdDev;
BatchNorm;N:32_C:1_H:224_W:224_;PARALLEL;5;4000;1.93086;0.000482684;5.02169e-05;

BatchNorm;N:32_C:64_H:112_W:112_;PARALLEL;5;1000;7.86589;0.00786571;1.03771e-05;

BatchNorm;N:32_C:256_H:112_W:112_;PARALLEL;5;200;6.48343;0.032417;9.04146e-05;

BatchNorm;N:32_C:256_H:56_W:56_;PARALLEL;5;1000;8.33989;0.0083397;2.80505e-05;

BatchNorm;N:32_C:2048_H:7_W:7_;PARALLEL;5;2000;2.71876;0.00135927;6.31592e-06;


