Name;Descriptor;Mode;Warmup;Iterations;Duration;Mean;StdDev;
BatchNorm;N:32_C:1_H:224_W:224_;PARALLEL;5;4000;2.04652;0.00051159;5.16876e-05;

BatchNorm;N:32_C:64_H:112_W:112_;PARALLEL;5;1000;7.30314;0.00730294;1.56205e-05;

BatchNorm;N:32_C:256_H:112_W:112_;PARALLEL;5;200;6.10579;0.0305288;2.95562e-05;

BatchNorm;N:32_C:256_H:56_W:56_;PARALLEL;5;1000;7.83302;0.00783284;2.3292e-05;

BatchNorm;N:32_C:2048_H:7_W:7_;PARALLEL;5;2000;2.35308;0.00117642;1.23578e-05;


