Name;Descriptor;Mode;Warmup;Iterations;Duration;Mean;StdDev;
BatchNorm;N:32_C:1_H:224_W:224_;PARALLEL;5;4000;2.18099;0.000545202;4.69659e-05;

BatchNorm;N:32_C:64_H:112_W:112_;PARALLEL;5;1000;9.57084;0.0095706;1.47511e-05;

BatchNorm;N:32_C:256_H:112_W:112_;PARALLEL;5;200;7.76623;0.0388309;0.000104034;

BatchNorm;N:32_C:256_H:56_W:56_;PARALLEL;5;1000;10.065;0.0100648;3.56131e-05;

BatchNorm;N:32_C:2048_H:7_W:7_;PARALLEL;5;2000;3.41554;0.00170764;6.51309e-06;


