Name;Descriptor;Mode;Warmup;Iterations;Duration;Mean;StdDev;
BatchNorm;N:32_C:1_H:224_W:224_;PARALLEL;5;4000;2.96266;0.000740561;6.35018e-05;

BatchNorm;N:32_C:64_H:112_W:112_;PARALLEL;5;1000;12.2311;0.012231;1.42106e-05;

BatchNorm;N:32_C:256_H:112_W:112_;PARALLEL;5;200;9.86343;0.049317;3.71428e-05;

BatchNorm;N:32_C:256_H:56_W:56_;PARALLEL;5;1000;12.9007;0.0129005;2.5355e-05;

BatchNorm;N:32_C:2048_H:7_W:7_;PARALLEL;5;2000;5.35455;0.00267709;6.46091e-06;


