Name;Descriptor;Mode;Warmup;Iterations;Duration;Mean;StdDev;
BatchNorm;N:32_C:1_H:224_W:224_;PARALLEL;5;4000;2.03301;0.000508212;3.3602e-05;

BatchNorm;N:32_C:64_H:112_W:112_;PARALLEL;5;1000;7.36503;0.00736484;1.261e-05;

BatchNorm;N:32_C:256_H:112_W:112_;PARALLEL;5;200;6.13091;0.0306544;2.9204e-05;

BatchNorm;N:32_C:256_H:56_W:56_;PARALLEL;5;1000;7.89094;0.00789077;1.43161e-05;

BatchNorm;N:32_C:2048_H:7_W:7_;PARALLEL;5;2000;2.40143;0.00120058;1.29862e-05;


