Name;Descriptor;Mode;Warmup;Iterations;Duration;Mean;StdDev;
BatchNorm;N:32_C:1_H:224_W:224_;PARALLEL;5;4000;2.39031;0.000597531;7.30208e-05;

BatchNorm;N:32_C:64_H:112_W:112_;PARALLEL;5;1000;10.8929;0.0108928;1.36329e-05;

BatchNorm;N:32_C:256_H:112_W:112_;PARALLEL;5;200;8.77531;0.0438764;3.36026e-05;

BatchNorm;N:32_C:256_H:56_W:56_;PARALLEL;5;1000;11.4981;0.0114979;4.62753e-05;

BatchNorm;N:32_C:2048_H:7_W:7_;PARALLEL;5;2000;4.69995;0.00234976;6.02668e-06;


