Name;Descriptor;Mode;Warmup;Iterations;Duration;Mean;StdDev;
BatchNorm;N:32_C:1_H:224_W:224_;PARALLEL;5;4000;2.03762;0.000509362;4.1229e-05;

BatchNorm;N:32_C:64_H:112_W:112_;PARALLEL;5;1000;8.73474;0.00873457;1.21352e-05;

BatchNorm;N:32_C:256_H:112_W:112_;PARALLEL;5;200;7.09565;0.035478;3.33713e-05;

BatchNorm;N:32_C:256_H:56_W:56_;PARALLEL;5;1000;9.20973;0.00920958;3.11259e-05;

BatchNorm;N:32_C:2048_H:7_W:7_;PARALLEL;5;2000;3.1122;0.00155593;1.06381e-05;


