Name;Descriptor;Mode;Warmup;Iterations;Duration;Mean;StdDev;
BatchNorm;N:32_C:1_H:224_W:224_;PARALLEL;5;4000;2.03862;0.000509611;4.045e-05;

BatchNorm;N:32_C:64_H:112_W:112_;PARALLEL;5;1000;7.48063;0.00748042;1.37381e-05;

BatchNorm;N:32_C:256_H:112_W:112_;PARALLEL;5;200;6.22212;0.0311104;5.10504e-05;

BatchNorm;N:32_C:256_H:56_W:56_;PARALLEL;5;1000;7.98839;0.00798823;2.68179e-05;

BatchNorm;N:32_C:2048_H:7_W:7_;PARALLEL;5;2000;2.51645;0.00125812;7.71088e-06;


