Name;Descriptor;Mode;Warmup;Iterations;Duration;Mean;StdDev;
BatchNorm;N:32_C:1_H:224_W:224_;PARALLEL;5;4000;1.96075;0.000490138;5.21166e-05;

BatchNorm;N:32_C:64_H:112_W:112_;PARALLEL;5;1000;7.3071;0.00730687;3.66235e-05;

BatchNorm;N:32_C:256_H:112_W:112_;PARALLEL;5;200;6.10602;0.0305299;6.33398e-05;

BatchNorm;N:32_C:256_H:56_W:56_;PARALLEL;5;1000;7.82844;0.00782817;5.47171e-05;

BatchNorm;N:32_C:2048_H:7_W:7_;PARALLEL;5;2000;2.26097;0.00113031;1.41855e-05;


