Name;Descriptor;Mode;Warmup;Iterations;Duration;Mean;StdDev;
BatchNorm;N:32_C:1_H:224_W:224_;PARALLEL;5;4000;6.35491;0.00158869;0.000131978;

BatchNorm;N:32_C:64_H:112_W:112_;PARALLEL;5;1000;26.9316;0.0269314;7.56117e-05;

BatchNorm;N:32_C:256_H:112_W:112_;PARALLEL;5;200;21.6877;0.108438;0.000187702;

BatchNorm;N:32_C:256_H:56_W:56_;PARALLEL;5;1000;28.3804;0.0283802;8.32921e-05;

BatchNorm;N:32_C:2048_H:7_W:7_;PARALLEL;5;2000;12.2645;0.00613203;2.83656e-05;


