Name;Descriptor;Mode;Warmup;Iterations;Duration;Mean;StdDev;
BatchNorm;N:32_C:1_H:224_W:224_;PARALLEL;5;4000;1.9652;0.000491278;3.72296e-05;

BatchNorm;N:32_C:64_H:112_W:112_;PARALLEL;5;1000;8.21906;0.00821888;2.57974e-05;

BatchNorm;N:32_C:256_H:112_W:112_;PARALLEL;5;200;6.66762;0.033338;0.000123789;

BatchNorm;N:32_C:256_H:56_W:56_;PARALLEL;5;1000;8.58379;0.00858362;2.78088e-05;

BatchNorm;N:32_C:2048_H:7_W:7_;PARALLEL;5;2000;2.84405;0.00142189;6.56831e-06;


