Name;Descriptor;Mode;Warmup;Iterations;Duration;Mean;StdDev;
BatchNorm;N:32_C:1_H:224_W:224_;PARALLEL;5;4000;1.56872;0.000392135;3.9631e-05;

BatchNorm;N:32_C:64_H:112_W:112_;PARALLEL;5;1000;8.94546;0.00894526;5.73784e-05;

BatchNorm;N:32_C:256_H:112_W:112_;PARALLEL;5;200;7.40568;0.0370282;4.26491e-05;

BatchNorm;N:32_C:256_H:56_W:56_;PARALLEL;5;1000;9.21811;0.00921792;2.72268e-05;

BatchNorm;N:32_C:2048_H:7_W:7_;PARALLEL;5;2000;2.45264;0.00122616;4.47796e-05;


