Name;Descriptor;Mode;Warmup;Iterations;Duration;Mean;StdDev;
BatchNorm;N:32_C:1_H:224_W:224_;PARALLEL;5;4000;2.89922;0.000724763;3.89945e-05;

BatchNorm;N:32_C:64_H:112_W:112_;PARALLEL;5;1000;14.1424;0.0141421;2.41934e-05;

BatchNorm;N:32_C:256_H:112_W:112_;PARALLEL;5;200;11.5549;0.0577741;8.83755e-05;

BatchNorm;N:32_C:256_H:56_W:56_;PARALLEL;5;1000;14.5628;0.0145625;4.98246e-05;

BatchNorm;N:32_C:2048_H:7_W:7_;PARALLEL;5;2000;4.98569;0.00249274;2.24346e-05;


