Name;Descriptor;Mode;Warmup;Iterations;Duration;Mean;StdDev;
BatchNorm;N:32_C:1_H:224_W:224_;PARALLEL;5;4000;1.94338;0.000485805;5.57417e-05;

BatchNorm;N:32_C:64_H:112_W:112_;PARALLEL;5;1000;10.0376;0.0100374;8.93633e-05;

BatchNorm;N:32_C:256_H:112_W:112_;PARALLEL;5;200;8.26583;0.041329;0.000222703;

BatchNorm;N:32_C:256_H:56_W:56_;PARALLEL;5;1000;10.3232;0.0103231;6.9181e-05;

BatchNorm;N:32_C:2048_H:7_W:7_;PARALLEL;5;2000;2.99852;0.0014991;6.17687e-05;


