Name;Descriptor;Mode;Warmup;Iterations;Duration;Mean;StdDev;
BatchNorm;N:32_C:1_H:224_W:224_;PARALLEL;5;4000;1.92848;0.000482077;3.52909e-05;

BatchNorm;N:32_C:64_H:112_W:112_;PARALLEL;5;1000;10.6617;0.0106615;4.30463e-05;

BatchNorm;N:32_C:256_H:112_W:112_;PARALLEL;5;200;8.76873;0.0438435;7.15072e-05;

BatchNorm;N:32_C:256_H:56_W:56_;PARALLEL;5;1000;10.9609;0.0109606;5.09711e-05;

BatchNorm;N:32_C:2048_H:7_W:7_;PARALLEL;5;2000;3.29628;0.0016479;3.09027e-05;


