Name;Descriptor;Mode;Warmup;Iterations;Duration;Mean;StdDev;
BatchNorm;N:32_C:1_H:224_W:224_;PARALLEL;5;4000;1.07612;0.000268984;2.56817e-05;

BatchNorm;N:32_C:64_H:112_W:112_;PARALLEL;5;1000;7.61947;0.00761928;0.000178103;

BatchNorm;N:32_C:256_H:112_W:112_;PARALLEL;5;200;6.35983;0.031799;3.96802e-05;

BatchNorm;N:32_C:256_H:56_W:56_;PARALLEL;5;1000;7.98265;0.00798247;2.52312e-05;

BatchNorm;N:32_C:2048_H:7_W:7_;PARALLEL;5;2000;1.94028;0.000969992;5.1151e-05;


