Name;Descriptor;Mode;Warmup;Iterations;Duration;Mean;StdDev;
BatchNorm;N:32_C:1_H:224_W:224_;PARALLEL;5;4000;7.15969;0.00178985;0.000128418;

BatchNorm;N:32_C:64_H:112_W:112_;PARALLEL;5;1000;35.0872;0.035087;0.000202711;

BatchNorm;N:32_C:256_H:112_W:112_;PARALLEL;5;200;28.6359;0.143179;0.000426156;

BatchNorm;N:32_C:256_H:56_W:56_;PARALLEL;5;1000;36.2817;0.0362815;0.000196483;

BatchNorm;N:32_C:2048_H:7_W:7_;PARALLEL;5;2000;13.677;0.00683829;9.76289e-05;


