Name;Descriptor;Mode;Warmup;Iterations;Duration;Mean;StdDev;
BatchNorm;N:32_C:1_H:224_W:224_;PARALLEL;5;4000;1.09311;0.000273247;3.08862e-05;

BatchNorm;N:32_C:64_H:112_W:112_;PARALLEL;5;1000;8.11926;0.0081191;1.96643e-05;

BatchNorm;N:32_C:256_H:112_W:112_;PARALLEL;5;200;6.75623;0.033781;2.87538e-05;

BatchNorm;N:32_C:256_H:56_W:56_;PARALLEL;5;1000;8.4646;0.00846443;2.17173e-05;

BatchNorm;N:32_C:2048_H:7_W:7_;PARALLEL;5;2000;2.24995;0.00112481;5.84616e-05;


