Name;Descriptor;Mode;Warmup;Iterations;Duration;Mean;StdDev;
BatchNorm;N:32_C:1_H:224_W:224_;PARALLEL;5;4000;1.2433;0.000310777;2.59886e-05;

BatchNorm;N:32_C:64_H:112_W:112_;PARALLEL;5;1000;7.47241;0.00747224;2.30825e-05;

BatchNorm;N:32_C:256_H:112_W:112_;PARALLEL;5;200;6.25719;0.0312858;4.86757e-05;

BatchNorm;N:32_C:256_H:56_W:56_;PARALLEL;5;1000;7.85917;0.00785899;2.23931e-05;

BatchNorm;N:32_C:2048_H:7_W:7_;PARALLEL;5;2000;1.82128;0.000910546;4.42189e-05;


