Name;Descriptor;Mode;Warmup;Iterations;Duration;Mean;StdDev;
BatchNorm;N:32_C:1_H:224_W:224_;PARALLEL;5;4000;1.24966;0.000312362;3.60667e-05;

BatchNorm;N:32_C:64_H:112_W:112_;PARALLEL;5;1000;7.34686;0.00734667;2.12032e-05;

BatchNorm;N:32_C:256_H:112_W:112_;PARALLEL;5;200;6.1726;0.0308628;6.09725e-05;

BatchNorm;N:32_C:256_H:56_W:56_;PARALLEL;5;1000;7.75904;0.00775882;2.56376e-05;

BatchNorm;N:32_C:2048_H:7_W:7_;PARALLEL;5;2000;1.68431;0.000841974;3.74204e-05;


