Name;Descriptor;Mode;Warmup;Iterations;Duration;Mean;StdDev;
BatchNorm;N:32_C:1_H:224_W:224_;PARALLEL;5;4000;1.11749;0.000279341;4.13748e-05;

BatchNorm;N:32_C:64_H:112_W:112_;PARALLEL;5;1000;7.70859;0.00770841;1.94173e-05;

BatchNorm;N:32_C:256_H:112_W:112_;PARALLEL;5;200;6.42854;0.0321425;3.74136e-05;

BatchNorm;N:32_C:256_H:56_W:56_;PARALLEL;5;1000;8.07172;0.00807153;2.52933e-05;

BatchNorm;N:32_C:2048_H:7_W:7_;PARALLEL;5;2000;2.01078;0.00100529;5.89846e-05;


