Name;Descriptor;Mode;Warmup;Iterations;Duration;Mean;StdDev;
BatchNorm;N:32_C:1_H:224_W:224_;PARALLEL;5;4000;1.23428;0.000308538;3.4858e-05;

BatchNorm;N:32_C:64_H:112_W:112_;PARALLEL;5;1000;7.82102;0.00782085;2.20598e-05;

BatchNorm;N:32_C:256_H:112_W:112_;PARALLEL;5;200;6.51619;0.0325807;4.23559e-05;

BatchNorm;N:32_C:256_H:56_W:56_;PARALLEL;5;1000;8.17856;0.00817837;8.01396e-05;

BatchNorm;N:32_C:2048_H:7_W:7_;PARALLEL;5;2000;2.08482;0.00104226;4.29262e-05;


