Name;Descriptor;Mode;Warmup;Iterations;Duration;Mean;StdDev;
BatchNorm;N:32_C:1_H:224_W:224_;PARALLEL;5;4000;1.06932;0.000267299;3.93779e-05;

BatchNorm;N:32_C:64_H:112_W:112_;PARALLEL;5;1000;7.45952;0.00745931;3.5587e-05;

BatchNorm;N:32_C:256_H:112_W:112_;PARALLEL;5;200;6.2854;0.0314268;5.28506e-05;

BatchNorm;N:32_C:256_H:56_W:56_;PARALLEL;5;1000;7.89596;0.00789573;3.38569e-05;

BatchNorm;N:32_C:2048_H:7_W:7_;PARALLEL;5;2000;1.96746;0.000983677;5.03941e-05;


