Name;Descriptor;Mode;Warmup;Iterations;Duration;Mean;StdDev;
BatchNorm;N:32_C:1_H:224_W:224_;PARALLEL;5;4000;1.93076;0.00048265;6.13012e-05;

BatchNorm;N:32_C:64_H:112_W:112_;PARALLEL;5;1000;10.5743;0.010574;4.42088e-05;

BatchNorm;N:32_C:256_H:112_W:112_;PARALLEL;5;200;8.73012;0.0436504;0.000108477;

BatchNorm;N:32_C:256_H:56_W:56_;PARALLEL;5;1000;10.9355;0.0109353;4.54489e-05;

BatchNorm;N:32_C:2048_H:7_W:7_;PARALLEL;5;2000;3.49893;0.00174935;3.43688e-05;


