Name;Descriptor;Mode;Warmup;Iterations;Duration;Mean;StdDev;
BatchNorm;N:32_C:1_H:224_W:224_;PARALLEL;5;4000;1.96468;0.000491128;6.98537e-05;

BatchNorm;N:32_C:64_H:112_W:112_;PARALLEL;5;1000;11.3983;0.0113981;4.19697e-05;

BatchNorm;N:32_C:256_H:112_W:112_;PARALLEL;5;200;9.40075;0.0470036;0.000116096;

BatchNorm;N:32_C:256_H:56_W:56_;PARALLEL;5;1000;11.7717;0.0117715;2.83844e-05;

BatchNorm;N:32_C:2048_H:7_W:7_;PARALLEL;5;2000;3.928;0.00196386;4.12925e-05;


