Name;Descriptor;Mode;Warmup;Iterations;Duration;Mean;StdDev;
BatchNorm;N:32_C:1_H:224_W:224_;PARALLEL;5;4000;7.12689;0.00178164;7.8844e-05;

BatchNorm;N:32_C:64_H:112_W:112_;PARALLEL;5;1000;34.0836;0.0340833;0.000263327;

BatchNorm;N:32_C:256_H:112_W:112_;PARALLEL;5;200;27.6594;0.138297;0.00066547;

BatchNorm;N:32_C:256_H:56_W:56_;PARALLEL;5;1000;35.4095;0.0354093;0.000238946;

BatchNorm;N:32_C:2048_H:7_W:7_;PARALLEL;5;2000;15.005;0.00750234;9.74352e-05;


