Name;Descriptor;Mode;Warmup;Iterations;Duration;Mean;StdDev;
BatchNorm;N:32_C:1_H:224_W:224_;PARALLEL;5;4000;5.20973;0.00130238;4.46082e-05;

BatchNorm;N:32_C:64_H:112_W:112_;PARALLEL;5;1000;24.321;0.0243208;0.000118317;

BatchNorm;N:32_C:256_H:112_W:112_;PARALLEL;5;200;19.866;0.0993298;0.000271432;

BatchNorm;N:32_C:256_H:56_W:56_;PARALLEL;5;1000;25.2658;0.0252656;0.000118911;

BatchNorm;N:32_C:2048_H:7_W:7_;PARALLEL;5;2000;10.4546;0.00522711;4.76384e-05;


