Name;Descriptor;Mode;Warmup;Iterations;Duration;Mean;StdDev;
BatchNorm;N:32_C:1_H:224_W:224_;PARALLEL;5;4000;1.53822;0.000384513;3.18867e-05;

BatchNorm;N:32_C:64_H:112_W:112_;PARALLEL;5;1000;8.58247;0.00858221;2.6495e-05;

BatchNorm;N:32_C:256_H:112_W:112_;PARALLEL;5;200;7.24495;0.0362245;3.90556e-05;

BatchNorm;N:32_C:256_H:56_W:56_;PARALLEL;5;1000;8.86838;0.00886816;3.36948e-05;

BatchNorm;N:32_C:2048_H:7_W:7_;PARALLEL;5;2000;2.33204;0.0011659;3.63748e-05;


