Name;Descriptor;Mode;Warmup;Iterations;Duration;Mean;StdDev;
BatchNorm;N:32_C:1_H:224_W:224_;PARALLEL;5;4000;1.53663;0.000384126;2.90082e-05;

BatchNorm;N:32_C:64_H:112_W:112_;PARALLEL;5;1000;8.30209;0.00830189;1.56058e-05;

BatchNorm;N:32_C:256_H:112_W:112_;PARALLEL;5;200;6.96501;0.0348249;3.59144e-05;

BatchNorm;N:32_C:256_H:56_W:56_;PARALLEL;5;1000;8.61352;0.00861332;3.71463e-05;

BatchNorm;N:32_C:2048_H:7_W:7_;PARALLEL;5;2000;2.17197;0.00108589;4.8336e-05;


