Name;Descriptor;Mode;Warmup;Iterations;Duration;Mean;StdDev;
BatchNorm;N:32_C:1_H:224_W:224_;PARALLEL;5;4000;3.39361;0.000848363;8.03324e-05;

BatchNorm;N:32_C:64_H:112_W:112_;PARALLEL;5;1000;16.0749;0.0160746;2.74322e-05;

BatchNorm;N:32_C:256_H:112_W:112_;PARALLEL;5;200;13.0933;0.0654661;6.09163e-05;

BatchNorm;N:32_C:256_H:56_W:56_;PARALLEL;5;1000;16.6077;0.0166074;2.44966e-05;

BatchNorm;N:32_C:2048_H:7_W:7_;PARALLEL;5;2000;6.36908;0.00318447;1.58327e-05;


