Name;Descriptor;Mode;Warmup;Iterations;Duration;Mean;StdDev;
BatchNorm;N:32_C:1_H:224_W:224_;PARALLEL;5;4000;1.54749;0.000386833;4.16289e-05;

BatchNorm;N:32_C:64_H:112_W:112_;PARALLEL;5;1000;8.88101;0.00888072;1.63095e-05;

BatchNorm;N:32_C:256_H:112_W:112_;PARALLEL;5;200;7.42325;0.037116;4.14779e-05;

BatchNorm;N:32_C:256_H:56_W:56_;PARALLEL;5;1000;9.16986;0.00916958;2.59694e-05;

BatchNorm;N:32_C:2048_H:7_W:7_;PARALLEL;5;2000;2.50546;0.00125262;4.99529e-05;


