Name;Descriptor;Mode;Warmup;Iterations;Duration;Mean;StdDev;
BatchNorm;N:32_C:1_H:224_W:224_;PARALLEL;5;4000;1.05042;0.000262565;2.84496e-05;

BatchNorm;N:32_C:64_H:112_W:112_;PARALLEL;5;1000;7.07248;0.00707229;3.24059e-05;

BatchNorm;N:32_C:256_H:112_W:112_;PARALLEL;5;200;6.0538;0.0302688;0.000700057;

BatchNorm;N:32_C:256_H:56_W:56_;PARALLEL;5;1000;7.53814;0.00753793;2.81497e-05;

BatchNorm;N:32_C:2048_H:7_W:7_;PARALLEL;5;2000;1.71706;0.000858476;4.75073e-05;


