Name;Descriptor;Mode;Warmup;Iterations;Duration;Mean;StdDev;
BatchNorm;N:32_C:1_H:224_W:224_;PARALLEL;5;4000;1.09734;0.00027424;1.16401e-05;

BatchNorm;N:32_C:64_H:112_W:112_;PARALLEL;5;1000;6.98477;0.00698454;3.06265e-05;

BatchNorm;N:32_C:256_H:112_W:112_;PARALLEL;5;200;6.04489;0.0302242;4.80184e-05;

BatchNorm;N:32_C:256_H:56_W:56_;PARALLEL;5;1000;7.48383;0.0074836;3.38788e-05;

BatchNorm;N:32_C:2048_H:7_W:7_;PARALLEL;5;2000;1.54372;0.000771713;5.35127e-05;


