Name;Descriptor;Mode;Warmup;Iterations;Duration;Mean;StdDev;
BatchNorm;N:32_C:1_H:224_W:224_;PARALLEL;5;4000;1.07437;0.000268562;3.60058e-05;

BatchNorm;N:32_C:64_H:112_W:112_;PARALLEL;5;1000;7.815;0.00781481;4.22851e-05;

BatchNorm;N:32_C:256_H:112_W:112_;PARALLEL;5;200;6.54359;0.0327178;4.58541e-05;

BatchNorm;N:32_C:256_H:56_W:56_;PARALLEL;5;1000;8.20698;0.00820679;3.46715e-05;

BatchNorm;N:32_C:2048_H:7_W:7_;PARALLEL;5;2000;2.16579;0.0010828;4.3102e-05;


