Name;Descriptor;Mode;Warmup;Iterations;Duration;Mean;StdDev;
BatchNorm;N:32_C:1_H:224_W:224_;PARALLEL;5;4000;1.10059;0.000275048;2.57522e-05;

BatchNorm;N:32_C:64_H:112_W:112_;PARALLEL;5;1000;6.9955;0.00699526;3.79458e-05;

BatchNorm;N:32_C:256_H:112_W:112_;PARALLEL;5;200;6.02382;0.0301188;4.70588e-05;

BatchNorm;N:32_C:256_H:56_W:56_;PARALLEL;5;1000;7.49732;0.00749708;2.95945e-05;

BatchNorm;N:32_C:2048_H:7_W:7_;PARALLEL;5;2000;1.61218;0.000806021;4.55397e-05;


