Name;Descriptor;Mode;Warmup;Iterations;Duration;Mean;StdDev;
BatchNorm;N:32_C:1_H:224_W:224_;PARALLEL;5;4000;1.07834;0.000269545;3.20857e-05;

BatchNorm;N:32_C:64_H:112_W:112_;PARALLEL;5;1000;8.60196;0.00860173;0.000425508;

BatchNorm;N:32_C:256_H:112_W:112_;PARALLEL;5;200;7.12515;0.0356256;2.55414e-05;

BatchNorm;N:32_C:256_H:56_W:56_;PARALLEL;5;1000;8.93121;0.00893105;2.54386e-05;

BatchNorm;N:32_C:2048_H:7_W:7_;PARALLEL;5;2000;2.39175;0.00119579;4.01321e-05;


