Name;Descriptor;Mode;Warmup;Iterations;Duration;Mean;StdDev;
BatchNorm;N:32_C:1_H:224_W:224_;PARALLEL;5;4000;0.696886;0.000174131;1.56528e-05;

BatchNorm;N:32_C:64_H:112_W:112_;PARALLEL;5;1000;7.07063;0.0070704;0.00015221;

BatchNorm;N:32_C:256_H:112_W:112_;PARALLEL;5;200;6.18936;0.0309466;0.00305032;

BatchNorm;N:32_C:256_H:56_W:56_;PARALLEL;5;1000;7.59393;0.00759369;0.000157357;

BatchNorm;N:32_C:2048_H:7_W:7_;PARALLEL;5;2000;1.43906;0.000719421;5.1932e-05;


