Name;Descriptor;Mode;Warmup;Iterations;Duration;Mean;StdDev;
BatchNorm;N:32_C:1_H:224_W:224_;PARALLEL;5;4000;1.92994;0.000482446;3.85394e-05;

BatchNorm;N:32_C:64_H:112_W:112_;PARALLEL;5;1000;9.94464;0.00994441;5.82512e-05;

BatchNorm;N:32_C:256_H:112_W:112_;PARALLEL;5;200;8.25835;0.0412916;0.000211764;

BatchNorm;N:32_C:256_H:56_W:56_;PARALLEL;5;1000;10.2825;0.0102823;7.09027e-05;

BatchNorm;N:32_C:2048_H:7_W:7_;PARALLEL;5;2000;3.14613;0.00157297;4.62508e-05;


