Name;Descriptor;Mode;Warmup;Iterations;Duration;Mean;StdDev;
BatchNorm;N:32_C:1_H:224_W:224_;PARALLEL;5;4000;1.49115;0.000372749;6.69767e-05;

BatchNorm;N:32_C:64_H:112_W:112_;PARALLEL;5;1000;9.42632;0.00942613;7.81167e-05;

BatchNorm;N:32_C:256_H:112_W:112_;PARALLEL;5;200;7.81291;0.0390644;0.000252184;

BatchNorm;N:32_C:256_H:56_W:56_;PARALLEL;5;1000;9.76466;0.00976448;7.84314e-05;

BatchNorm;N:32_C:2048_H:7_W:7_;PARALLEL;5;2000;2.85833;0.00142909;5.59329e-05;


