Name;Descriptor;Mode;Warmup;Iterations;Duration;Mean;StdDev;
BatchNorm;N:32_C:1_H:224_W:224_;PARALLEL;5;4000;2.90929;0.000727261;7.75127e-05;

BatchNorm;N:32_C:64_H:112_W:112_;PARALLEL;5;1000;13.9986;0.0139984;3.29953e-05;

BatchNorm;N:32_C:256_H:112_W:112_;PARALLEL;5;200;11.4131;0.0570652;8.02329e-05;

BatchNorm;N:32_C:256_H:56_W:56_;PARALLEL;5;1000;14.4196;0.0144194;2.74132e-05;

BatchNorm;N:32_C:2048_H:7_W:7_;PARALLEL;5;2000;4.47473;0.00223721;1.34983e-05;


