Name;Descriptor;Mode;Warmup;Iterations;Duration;Mean;StdDev;
BatchNorm;N:32_C:1_H:224_W:224_;PARALLEL;5;4000;1.54422;0.000386004;3.55828e-05;

BatchNorm;N:32_C:64_H:112_W:112_;PARALLEL;5;1000;8.34768;0.00834751;2.64671e-05;

BatchNorm;N:32_C:256_H:112_W:112_;PARALLEL;5;200;6.93438;0.0346718;8.20862e-05;

BatchNorm;N:32_C:256_H:56_W:56_;PARALLEL;5;1000;8.63305;0.0086329;5.6752e-05;

BatchNorm;N:32_C:2048_H:7_W:7_;PARALLEL;5;2000;1.88169;0.000940748;1.50496e-05;


