Name;Descriptor;Mode;Warmup;Iterations;Duration;Mean;StdDev;
BatchNorm;N:32_C:1_H:224_W:224_;PARALLEL;5;4000;2.45733;0.00061429;9.21113e-05;

BatchNorm;N:32_C:64_H:112_W:112_;PARALLEL;5;1000;12.5227;0.0125225;5.60314e-05;

BatchNorm;N:32_C:256_H:112_W:112_;PARALLEL;5;200;10.2346;0.051173;0.000103385;

BatchNorm;N:32_C:256_H:56_W:56_;PARALLEL;5;1000;12.9161;0.0129159;2.75518e-05;

BatchNorm;N:32_C:2048_H:7_W:7_;PARALLEL;5;2000;3.83079;0.00191531;1.27712e-05;


