Name;Descriptor;Mode;Warmup;Iterations;Duration;Mean;StdDev;
BatchNorm;N:32_C:1_H:224_W:224_;PARALLEL;5;4000;1.54303;0.000385701;3.46883e-05;

BatchNorm;N:32_C:64_H:112_W:112_;PARALLEL;5;1000;8.89857;0.0088984;2.19593e-05;

BatchNorm;N:32_C:256_H:112_W:112_;PARALLEL;5;200;7.36247;0.0368121;5.00578e-05;

BatchNorm;N:32_C:256_H:56_W:56_;PARALLEL;5;1000;9.19466;0.00919446;5.55874e-05;

BatchNorm;N:32_C:2048_H:7_W:7_;PARALLEL;5;2000;2.20724;0.00110352;1.06799e-05;


