Name;Descriptor;Mode;Warmup;Iterations;Duration;Mean;StdDev;
BatchNorm;N:32_C:1_H:224_W:224_;PARALLEL;5;4000;3.83532;0.000958781;8.62238e-05;

BatchNorm;N:32_C:64_H:112_W:112_;PARALLEL;5;1000;19.1059;0.0191057;7.24353e-05;

BatchNorm;N:32_C:256_H:112_W:112_;PARALLEL;5;200;15.564;0.0778197;0.000139154;

BatchNorm;N:32_C:256_H:56_W:56_;PARALLEL;5;1000;19.6767;0.0196766;5.24733e-05;

BatchNorm;N:32_C:2048_H:7_W:7_;PARALLEL;5;2000;6.9417;0.00347071;3.2831e-05;


