Name;Descriptor;Mode;Warmup;Iterations;Duration;Mean;StdDev;
BatchNorm;N:32_C:1_H:224_W:224_;PARALLEL;5;4000;1.12383;0.000280908;3.37291e-05;

BatchNorm;N:32_C:64_H:112_W:112_;PARALLEL;5;1000;7.07276;0.00707259;3.14145e-05;

BatchNorm;N:32_C:256_H:112_W:112_;PARALLEL;5;200;6.03702;0.0301849;4.87708e-05;

BatchNorm;N:32_C:256_H:56_W:56_;PARALLEL;5;1000;7.58739;0.00758722;0.000116596;

BatchNorm;N:32_C:2048_H:7_W:7_;PARALLEL;5;2000;1.51651;0.00075816;7.22666e-06;


