Name;Descriptor;Mode;Warmup;Iterations;Duration;Mean;StdDev;
BatchNorm;N:32_C:1_H:224_W:224_;PARALLEL;5;4000;1.13;0.000282437;2.99885e-05;

BatchNorm;N:32_C:64_H:112_W:112_;PARALLEL;5;1000;7.09293;0.00709276;2.33783e-05;

BatchNorm;N:32_C:256_H:112_W:112_;PARALLEL;5;200;6.0641;0.0303204;3.52628e-05;

BatchNorm;N:32_C:256_H:56_W:56_;PARALLEL;5;1000;7.58317;0.00758297;2.85548e-05;

BatchNorm;N:32_C:2048_H:7_W:7_;PARALLEL;5;2000;1.72319;0.000861531;8.34052e-06;


