Name;Descriptor;Mode;Warmup;Iterations;Duration;Mean;StdDev;
BatchNorm;N:32_C:1_H:224_W:224_;PARALLEL;5;4000;1.48063;0.000370106;4.62718e-05;

BatchNorm;N:32_C:64_H:112_W:112_;PARALLEL;5;1000;9.11315;0.009113;6.78492e-05;

BatchNorm;N:32_C:256_H:112_W:112_;PARALLEL;5;200;7.52128;0.0376063;9.66181e-05;

BatchNorm;N:32_C:256_H:56_W:56_;PARALLEL;5;1000;9.41333;0.00941318;5.29646e-05;

BatchNorm;N:32_C:2048_H:7_W:7_;PARALLEL;5;2000;2.2777;0.00113875;3.85091e-05;


