Name;Descriptor;Mode;Warmup;Iterations;Duration;Mean;StdDev;
BatchNorm;N:32_C:1_H:224_W:224_;PARALLEL;5;4000;1.46648;0.000366578;4.33228e-05;

BatchNorm;N:32_C:64_H:112_W:112_;PARALLEL;5;1000;9.51079;0.00951065;7.43836e-05;

BatchNorm;N:32_C:256_H:112_W:112_;PARALLEL;5;200;7.8132;0.0390658;0.00023888;

BatchNorm;N:32_C:256_H:56_W:56_;PARALLEL;5;1000;9.81043;0.0098103;8.04497e-05;

BatchNorm;N:32_C:2048_H:7_W:7_;PARALLEL;5;2000;2.48092;0.00124034;4.17476e-05;


