Name;Descriptor;Mode;Warmup;Iterations;Duration;Mean;StdDev;
BatchNorm;N:32_C:1_H:224_W:224_;PARALLEL;5;4000;1.04433;0.000261042;3.14895e-05;

BatchNorm;N:32_C:64_H:112_W:112_;PARALLEL;5;1000;8.12734;0.00812719;3.49738e-05;

BatchNorm;N:32_C:256_H:112_W:112_;PARALLEL;5;200;6.78093;0.0339045;0.000122853;

BatchNorm;N:32_C:256_H:56_W:56_;PARALLEL;5;1000;8.42413;0.008424;5.43243e-05;

BatchNorm;N:32_C:2048_H:7_W:7_;PARALLEL;5;2000;1.76292;0.000881425;1.92667e-05;


