Name;Descriptor;Mode;Warmup;Iterations;Duration;Mean;StdDev;
BatchNorm;N:32_C:1_H:224_W:224_;PARALLEL;5;4000;1.04604;0.000261462;3.12941e-05;

BatchNorm;N:32_C:64_H:112_W:112_;PARALLEL;5;1000;7.88063;0.00788047;2.16316e-05;

BatchNorm;N:32_C:256_H:112_W:112_;PARALLEL;5;200;6.5832;0.0329158;2.62849e-05;

BatchNorm;N:32_C:256_H:56_W:56_;PARALLEL;5;1000;8.28817;0.00828804;3.618e-05;

BatchNorm;N:32_C:2048_H:7_W:7_;PARALLEL;5;2000;2.1307;0.0010653;4.92355e-06;


