Name;Descriptor;Mode;Warmup;Iterations;Duration;Mean;StdDev;
BatchNorm;N:32_C:1_H:224_W:224_;PARALLEL;5;4000;1.12773;0.000281893;3.55371e-05;

BatchNorm;N:32_C:64_H:112_W:112_;PARALLEL;5;1000;7.14233;0.00714216;2.67895e-05;

BatchNorm;N:32_C:256_H:112_W:112_;PARALLEL;5;200;6.16726;0.0308361;9.06179e-05;

BatchNorm;N:32_C:256_H:56_W:56_;PARALLEL;5;1000;7.61362;0.00761346;3.8781e-05;

BatchNorm;N:32_C:2048_H:7_W:7_;PARALLEL;5;2000;1.67177;0.000835822;7.19596e-06;


