Name;Descriptor;Mode;Warmup;Iterations;Duration;Mean;StdDev;
BatchNorm;N:32_C:1_H:224_W:224_;PARALLEL;5;4000;1.95503;0.000488712;8.78438e-05;

BatchNorm;N:32_C:64_H:112_W:112_;PARALLEL;5;1000;10.5812;0.010581;6.54394e-05;

BatchNorm;N:32_C:256_H:112_W:112_;PARALLEL;5;200;8.68827;0.0434412;6.42269e-05;

BatchNorm;N:32_C:256_H:56_W:56_;PARALLEL;5;1000;10.915;0.0109148;3.92252e-05;

BatchNorm;N:32_C:2048_H:7_W:7_;PARALLEL;5;2000;3.01357;0.00150671;1.8382e-05;


