Name;Descriptor;Mode;Warmup;Iterations;Duration;Mean;StdDev;
BatchNorm;N:32_C:1_H:224_W:224_;PARALLEL;5;4000;1.0511;0.000262739;3.94454e-05;

BatchNorm;N:32_C:64_H:112_W:112_;PARALLEL;5;1000;7.67478;0.00767461;1.34441e-05;

BatchNorm;N:32_C:256_H:112_W:112_;PARALLEL;5;200;6.43196;0.0321596;2.50189e-05;

BatchNorm;N:32_C:256_H:56_W:56_;PARALLEL;5;1000;8.10177;0.00810161;1.75409e-05;

BatchNorm;N:32_C:2048_H:7_W:7_;PARALLEL;5;2000;2.08121;0.00104056;6.24083e-06;


