Name;Descriptor;Mode;Warmup;Iterations;Duration;Mean;StdDev;
BatchNorm;N:32_C:1_H:224_W:224_;PARALLEL;5;4000;5.20215;0.00130049;0.000104142;

BatchNorm;N:32_C:64_H:112_W:112_;PARALLEL;5;1000;24.4134;0.0244132;0.000130037;

BatchNorm;N:32_C:256_H:112_W:112_;PARALLEL;5;200;19.8775;0.0993873;0.00029894;

BatchNorm;N:32_C:256_H:56_W:56_;PARALLEL;5;1000;25.2602;0.0252601;0.000128117;

BatchNorm;N:32_C:2048_H:7_W:7_;PARALLEL;5;2000;9.02624;0.00451292;5.00794e-05;


