Name;Descriptor;Mode;Warmup;Iterations;Duration;Mean;StdDev;
BatchNorm;N:32_C:1_H:224_W:224_;PARALLEL;5;4000;1.04913;0.000262233;3.48887e-05;

BatchNorm;N:32_C:64_H:112_W:112_;PARALLEL;5;1000;7.38271;0.00738254;1.57154e-05;

BatchNorm;N:32_C:256_H:112_W:112_;PARALLEL;5;200;6.34838;0.0317417;2.65136e-05;

BatchNorm;N:32_C:256_H:56_W:56_;PARALLEL;5;1000;7.82162;0.00782146;2.11366e-05;

BatchNorm;N:32_C:2048_H:7_W:7_;PARALLEL;5;2000;1.87357;0.000936673;4.89659e-06;


