Name;Descriptor;Mode;Warmup;Iterations;Duration;Mean;StdDev;
BatchNorm;N:32_C:1_H:224_W:224_;PARALLEL;5;4000;3.32945;0.000832316;7.87439e-05;

BatchNorm;N:32_C:64_H:112_W:112_;PARALLEL;5;1000;16.0657;0.0160655;3.71082e-05;

BatchNorm;N:32_C:256_H:112_W:112_;PARALLEL;5;200;13.0706;0.0653528;6.81162e-05;

BatchNorm;N:32_C:256_H:56_W:56_;PARALLEL;5;1000;16.575;0.0165748;2.82846e-05;

BatchNorm;N:32_C:2048_H:7_W:7_;PARALLEL;5;2000;5.3716;0.00268564;1.3128e-05;


