Name;Descriptor;Mode;Warmup;Iterations;Duration;Mean;StdDev;
BatchNorm;N:32_C:1_H:224_W:224_;PARALLEL;5;4000;2.86852;0.000717033;0.000621139;

BatchNorm;N:32_C:64_H:112_W:112_;PARALLEL;5;1000;4.85565;0.00485538;0.00155418;

BatchNorm;N:32_C:256_H:112_W:112_;PARALLEL;5;200;3.6517;0.0182583;0.00221945;

BatchNorm;N:32_C:256_H:56_W:56_;PARALLEL;5;1000;4.9298;0.00492959;0.00128395;

BatchNorm;N:32_C:2048_H:7_W:7_;PARALLEL;5;2000;1.74331;0.000871548;6.67062e-05;


