Name;Descriptor;Mode;Warmup;Iterations;Duration;Mean;StdDev;
BatchNorm;N:32_C:1_H:224_W:224_;PARALLEL;5;4000;1.78796;0.000446914;0.000130595;

BatchNorm;N:32_C:64_H:112_W:112_;PARALLEL;5;1000;7.03798;0.00703776;0.00154692;

BatchNorm;N:32_C:256_H:112_W:112_;PARALLEL;5;200;5.96218;0.0298107;0.00600539;

BatchNorm;N:32_C:256_H:56_W:56_;PARALLEL;5;1000;7.30668;0.00730647;0.000823793;

BatchNorm;N:32_C:2048_H:7_W:7_;PARALLEL;5;2000;2.6633;0.00133159;0.000151107;


