Name;Descriptor;Mode;Warmup;Iterations;Duration;Mean;StdDev;
BatchNorm;N:32_C:1_H:224_W:224_;PARALLEL;5;4000;1.93846;0.000484508;0.000189386;

BatchNorm;N:32_C:64_H:112_W:112_;PARALLEL;5;1000;6.64741;0.00664715;0.0013071;

BatchNorm;N:32_C:256_H:112_W:112_;PARALLEL;5;200;5.6892;0.0284458;0.00606289;

BatchNorm;N:32_C:256_H:56_W:56_;PARALLEL;5;1000;8.08839;0.00808819;0.00142838;

BatchNorm;N:32_C:2048_H:7_W:7_;PARALLEL;5;2000;2.57482;0.00128735;1.13051e-05;


