Name;Descriptor;Mode;Warmup;Iterations;Duration;Mean;StdDev;
BatchNorm;N:32_C:1_H:224_W:224_;PARALLEL;5;4000;3.10369;0.000775826;0.00061397;

BatchNorm;N:32_C:64_H:112_W:112_;PARALLEL;5;1000;4.42024;0.00441995;0.00128681;

BatchNorm;N:32_C:256_H:112_W:112_;PARALLEL;5;200;3.42366;0.017118;0.00237555;

BatchNorm;N:32_C:256_H:56_W:56_;PARALLEL;5;1000;5.2061;0.00520585;4.9305e-05;

BatchNorm;N:32_C:2048_H:7_W:7_;PARALLEL;5;2000;1.55098;0.000775445;3.05819e-05;


