Name;Descriptor;Mode;Warmup;Iterations;Duration;Mean;StdDev;
BatchNorm;N:32_C:1_H:224_W:224_;PARALLEL;5;4000;2.57968;0.000644845;0.000167366;

BatchNorm;N:32_C:64_H:112_W:112_;PARALLEL;5;1000;5.75618;0.00575595;0.00180569;

BatchNorm;N:32_C:256_H:112_W:112_;PARALLEL;5;200;5.05397;0.0252697;0.00192195;

BatchNorm;N:32_C:256_H:56_W:56_;PARALLEL;5;1000;5.92029;0.0059201;0.00167885;

BatchNorm;N:32_C:2048_H:7_W:7_;PARALLEL;5;2000;2.16776;0.00108383;3.36372e-05;


