Name;Descriptor;Mode;Warmup;Iterations;Duration;Mean;StdDev;
BatchNorm;N:32_C:1_H:224_W:224_;PARALLEL;5;4000;2.85943;0.000714768;9.19124e-05;

BatchNorm;N:32_C:64_H:112_W:112_;PARALLEL;5;1000;6.32705;0.00632682;0.00203245;

BatchNorm;N:32_C:256_H:112_W:112_;PARALLEL;5;200;4.15659;0.0207828;0.00358945;

BatchNorm;N:32_C:256_H:56_W:56_;PARALLEL;5;1000;5.6705;0.0056703;1.77306e-05;

BatchNorm;N:32_C:2048_H:7_W:7_;PARALLEL;5;2000;2.12045;0.00106014;0.000241544;


