Name;Descriptor;Mode;Warmup;Iterations;Duration;Mean;StdDev;
BatchNorm;N:32_C:1_H:224_W:224_;PARALLEL;5;4000;2.26141;0.000565304;0.00018297;

BatchNorm;N:32_C:64_H:112_W:112_;PARALLEL;5;1000;6.12523;0.00612501;0.00241925;

BatchNorm;N:32_C:256_H:112_W:112_;PARALLEL;5;200;5.20665;0.026033;0.00595917;

BatchNorm;N:32_C:256_H:56_W:56_;PARALLEL;5;1000;5.17361;0.00517336;0.00158409;

BatchNorm;N:32_C:2048_H:7_W:7_;PARALLEL;5;2000;2.01676;0.00100832;0.000131288;


