Name;Descriptor;Mode;Warmup;Iterations;Duration;Mean;StdDev;
BatchNorm;N:32_C:1_H:224_W:224_;PARALLEL;5;4000;2.93258;0.000732991;0.00061826;

BatchNorm;N:32_C:64_H:112_W:112_;PARALLEL;5;1000;4.28827;0.00428803;0.00185273;

BatchNorm;N:32_C:256_H:112_W:112_;PARALLEL;5;200;3.74831;0.0187413;3.62258e-05;

BatchNorm;N:32_C:256_H:56_W:56_;PARALLEL;5;1000;4.83819;0.00483796;0.00142604;

BatchNorm;N:32_C:2048_H:7_W:7_;PARALLEL;5;2000;1.48405;0.000741907;2.88918e-05;


