Name;Descriptor;Mode;Warmup;Iterations;Duration;Mean;StdDev;
BatchNorm;N:32_C:1_H:224_W:224_;PARALLEL;5;4000;2.53782;0.00063432;0.000386093;

BatchNorm;N:32_C:64_H:112_W:112_;PARALLEL;5;1000;5.46087;0.0054606;0.00146468;

BatchNorm;N:32_C:256_H:112_W:112_;PARALLEL;5;200;5.4818;0.0274088;0.00318305;

BatchNorm;N:32_C:256_H:56_W:56_;PARALLEL;5;1000;5.03149;0.00503126;0.000969894;

BatchNorm;N:32_C:2048_H:7_W:7_;PARALLEL;5;2000;2.02475;0.00101226;3.55327e-05;


