Name;Descriptor;Mode;Warmup;Iterations;Duration;Mean;StdDev;
BatchNorm;N:32_C:1_H:224_W:224_;PARALLEL;5;4000;3.00417;0.000750969;0.0001588;

BatchNorm;N:32_C:64_H:112_W:112_;PARALLEL;5;1000;9.84643;0.00984619;0.0009491;

BatchNorm;N:32_C:256_H:112_W:112_;PARALLEL;5;200;8.55843;0.0427919;0.00210901;

BatchNorm;N:32_C:256_H:56_W:56_;PARALLEL;5;1000;10.8235;0.0108233;0.00138996;

BatchNorm;N:32_C:2048_H:7_W:7_;PARALLEL;5;2000;4.42848;0.00221419;9.57473e-06;


