Name;Descriptor;Mode;Warmup;Iterations;Duration;Mean;StdDev;
BatchNorm;N:32_C:1_H:224_W:224_;PARALLEL;5;4000;1.85861;0.000464588;9.92983e-05;

BatchNorm;N:32_C:64_H:112_W:112_;PARALLEL;5;1000;6.61916;0.00661893;0.00188157;

BatchNorm;N:32_C:256_H:112_W:112_;PARALLEL;5;200;6.58646;0.0329322;0.00898348;

BatchNorm;N:32_C:256_H:56_W:56_;PARALLEL;5;1000;6.21255;0.00621234;0.00144311;

BatchNorm;N:32_C:2048_H:7_W:7_;PARALLEL;5;2000;2.34967;0.00117478;4.30604e-05;


