Name;Descriptor;Mode;Warmup;Iterations;Duration;Mean;StdDev;
BatchNorm;N:32_C:1_H:224_W:224_;PARALLEL;5;4000;2.38815;0.000596918;0.000377135;

BatchNorm;N:32_C:64_H:112_W:112_;PARALLEL;5;1000;6.07464;0.00607439;0.00149565;

BatchNorm;N:32_C:256_H:112_W:112_;PARALLEL;5;200;5.54094;0.0277045;0.00363414;

BatchNorm;N:32_C:256_H:56_W:56_;PARALLEL;5;1000;6.14472;0.00614446;0.00146235;

BatchNorm;N:32_C:2048_H:7_W:7_;PARALLEL;5;2000;2.18462;0.00109227;1.78739e-05;


