Name;Descriptor;Mode;Warmup;Iterations;Duration;Mean;StdDev;
BatchNorm;N:32_C:1_H:224_W:224_;PARALLEL;5;4000;3.22817;0.000806937;0.000558006;

BatchNorm;N:32_C:64_H:112_W:112_;PARALLEL;5;1000;4.91335;0.00491314;0.000950584;

BatchNorm;N:32_C:256_H:112_W:112_;PARALLEL;5;200;3.93004;0.0196501;0.00197979;

BatchNorm;N:32_C:256_H:56_W:56_;PARALLEL;5;1000;4.96247;0.0049623;0.000938066;

BatchNorm;N:32_C:2048_H:7_W:7_;PARALLEL;5;2000;1.81493;0.000907406;2.57736e-05;


