Name;Descriptor;Mode;Warmup;Iterations;Duration;Mean;StdDev;
BatchNorm;N:32_C:1_H:224_W:224_;PARALLEL;5;4000;7.28088;0.00182014;0.000169396;

BatchNorm;N:32_C:64_H:112_W:112_;PARALLEL;5;1000;30.1468;0.0301465;0.00227586;

BatchNorm;N:32_C:256_H:112_W:112_;PARALLEL;5;200;25.3796;0.126898;0.00940626;

BatchNorm;N:32_C:256_H:56_W:56_;PARALLEL;5;1000;32.2451;0.0322448;0.000917486;

BatchNorm;N:32_C:2048_H:7_W:7_;PARALLEL;5;2000;13.8833;0.00694153;8.19865e-05;


