Name;Descriptor;Mode;Warmup;Iterations;Duration;Mean;StdDev;
BatchNorm;N:32_C:1_H:224_W:224_;PARALLEL;5;4000;1.95899;0.000489672;0.000194621;

BatchNorm;N:32_C:64_H:112_W:112_;PARALLEL;5;1000;6.89696;0.00689667;0.00157094;

BatchNorm;N:32_C:256_H:112_W:112_;PARALLEL;5;200;5.37537;0.0268766;0.00274331;

BatchNorm;N:32_C:256_H:56_W:56_;PARALLEL;5;1000;6.93273;0.00693255;0.000930008;

BatchNorm;N:32_C:2048_H:7_W:7_;PARALLEL;5;2000;2.5457;0.00127281;4.42462e-06;


