Name;Descriptor;Mode;Warmup;Iterations;Duration;Mean;StdDev;
BatchNorm;N:32_C:1_H:224_W:224_;PARALLEL;5;4000;2.35136;0.000587779;0.000162135;

BatchNorm;N:32_C:64_H:112_W:112_;PARALLEL;5;1000;9.22022;0.00921995;0.0021527;

BatchNorm;N:32_C:256_H:112_W:112_;PARALLEL;5;200;7.53569;0.0376782;0.00475776;

BatchNorm;N:32_C:256_H:56_W:56_;PARALLEL;5;1000;9.79518;0.00979497;0.00099869;

BatchNorm;N:32_C:2048_H:7_W:7_;PARALLEL;5;2000;4.01035;0.00200513;8.88373e-06;


