Name;Descriptor;Mode;Warmup;Iterations;Duration;Mean;StdDev;
BatchNorm;N:32_C:1_H:224_W:224_;PARALLEL;5;4000;2.01678;0.000504116;0.000227404;

BatchNorm;N:32_C:64_H:112_W:112_;PARALLEL;5;1000;6.67489;0.00667467;0.00158444;

BatchNorm;N:32_C:256_H:112_W:112_;PARALLEL;5;200;5.21487;0.0260741;0.00463584;

BatchNorm;N:32_C:256_H:56_W:56_;PARALLEL;5;1000;6.83344;0.00683327;0.000593129;

BatchNorm;N:32_C:2048_H:7_W:7_;PARALLEL;5;2000;2.44872;0.00122426;7.33722e-05;


