Name;Descriptor;Mode;Warmup;Iterations;Duration;Mean;StdDev;
BatchNorm;N:32_C:1_H:224_W:224_;PARALLEL;5;4000;2.94372;0.000735869;0.000166294;

BatchNorm;N:32_C:64_H:112_W:112_;PARALLEL;5;1000;12.1171;0.0121169;0.00157139;

BatchNorm;N:32_C:256_H:112_W:112_;PARALLEL;5;200;10.4303;0.0521514;0.000743809;

BatchNorm;N:32_C:256_H:56_W:56_;PARALLEL;5;1000;12.9996;0.0129994;0.00124797;

BatchNorm;N:32_C:2048_H:7_W:7_;PARALLEL;5;2000;5.4019;0.00270086;6.99886e-05;


