Name;Descriptor;Mode;Warmup;Iterations;Duration;Mean;StdDev;
BatchNorm;N:32_C:1_H:224_W:224_;PARALLEL;5;4000;3.61405;0.000903343;0.000632052;

BatchNorm;N:32_C:64_H:112_W:112_;PARALLEL;5;1000;4.39432;0.00439402;0.00146369;

BatchNorm;N:32_C:256_H:112_W:112_;PARALLEL;5;200;4.12942;0.020647;0.00650135;

BatchNorm;N:32_C:256_H:56_W:56_;PARALLEL;5;1000;4.91386;0.00491369;0.000368023;

BatchNorm;N:32_C:2048_H:7_W:7_;PARALLEL;5;2000;1.56711;0.000783505;2.6577e-05;


