Name;Descriptor;Mode;Warmup;Iterations;Duration;Mean;StdDev;
BatchNorm;N:32_C:1_H:224_W:224_;PARALLEL;5;4000;3.09808;0.000774426;0.000670051;

BatchNorm;N:32_C:64_H:112_W:112_;PARALLEL;5;1000;4.45754;0.00445726;0.00132465;

BatchNorm;N:32_C:256_H:112_W:112_;PARALLEL;5;200;3.49859;0.0174927;0.001809;

BatchNorm;N:32_C:256_H:56_W:56_;PARALLEL;5;1000;5.03039;0.00503012;0.00106823;

BatchNorm;N:32_C:2048_H:7_W:7_;PARALLEL;5;2000;1.59488;0.000797386;2.59091e-05;


