Name;Descriptor;Mode;Warmup;Iterations;Duration;Mean;StdDev;
BatchNorm;N:32_C:1_H:224_W:224_;PARALLEL;5;4000;2.38182;0.000595358;0.000358269;

BatchNorm;N:32_C:64_H:112_W:112_;PARALLEL;5;1000;5.90666;0.00590643;0.00153268;

BatchNorm;N:32_C:256_H:112_W:112_;PARALLEL;5;200;5.76506;0.0288251;0.00263025;

BatchNorm;N:32_C:256_H:56_W:56_;PARALLEL;5;1000;5.96455;0.00596438;0.00194445;

BatchNorm;N:32_C:2048_H:7_W:7_;PARALLEL;5;2000;2.22646;0.00111318;0.000151552;


