Name;Descriptor;Mode;Warmup;Iterations;Duration;Mean;StdDev;
BatchNorm;N:32_C:1_H:224_W:224_;PARALLEL;5;4000;2.95425;0.000738466;0.000565328;

BatchNorm;N:32_C:64_H:112_W:112_;PARALLEL;5;1000;4.551;0.00455081;0.00145973;

BatchNorm;N:32_C:256_H:112_W:112_;PARALLEL;5;200;4.69232;0.0234615;0.00525552;

BatchNorm;N:32_C:256_H:56_W:56_;PARALLEL;5;1000;4.86901;0.00486885;0.00154453;

BatchNorm;N:32_C:2048_H:7_W:7_;PARALLEL;5;2000;1.68948;0.000844629;0.000173834;


