Name;Descriptor;Mode;Warmup;Iterations;Duration;Mean;StdDev;
BatchNorm;N:32_C:1_H:224_W:224_;PARALLEL;5;4000;2.82427;0.000705962;0.000463789;

BatchNorm;N:32_C:64_H:112_W:112_;PARALLEL;5;1000;5.63825;0.00563798;0.000890482;

BatchNorm;N:32_C:256_H:112_W:112_;PARALLEL;5;200;4.74923;0.0237459;0.00409814;

BatchNorm;N:32_C:256_H:56_W:56_;PARALLEL;5;1000;5.27267;0.00527244;0.000867013;

BatchNorm;N:32_C:2048_H:7_W:7_;PARALLEL;5;2000;2.01037;0.00100515;1.60516e-05;


