Name;Descriptor;Mode;Warmup;Iterations;Duration;Mean;StdDev;
BatchNorm;N:32_C:1_H:224_W:224_;PARALLEL;5;4000;2.5107;0.000627531;0.000459567;

BatchNorm;N:32_C:64_H:112_W:112_;PARALLEL;5;1000;5.06071;0.00506048;0.00133709;

BatchNorm;N:32_C:256_H:112_W:112_;PARALLEL;5;200;3.92605;0.01963;0.00174435;

BatchNorm;N:32_C:256_H:56_W:56_;PARALLEL;5;1000;5.20737;0.00520704;0.00098642;

BatchNorm;N:32_C:2048_H:7_W:7_;PARALLEL;5;2000;1.85432;0.000927095;2.73404e-05;


