Name;Descriptor;Mode;Warmup;Iterations;Duration;Mean;StdDev;
BatchNorm;N:32_C:1_H:224_W:224_;PARALLEL;5;4000;2.14102;0.000535189;0.000163464;

BatchNorm;N:32_C:64_H:112_W:112_;PARALLEL;5;1000;6.35418;0.00635394;0.00182702;

BatchNorm;N:32_C:256_H:112_W:112_;PARALLEL;5;200;5.64811;0.0282404;0.00719816;

BatchNorm;N:32_C:256_H:56_W:56_;PARALLEL;5;1000;6.83072;0.00683059;0.000716882;

BatchNorm;N:32_C:2048_H:7_W:7_;PARALLEL;5;2000;2.59679;0.00129834;6.10926e-06;


