Name;Descriptor;Mode;Warmup;Iterations;Duration;Mean;StdDev;
BatchNorm;N:32_C:1_H:224_W:224_;PARALLEL;5;4000;4.24804;0.00106194;0.000170749;

BatchNorm;N:32_C:64_H:112_W:112_;PARALLEL;5;1000;15.8424;0.0158422;0.0017753;

BatchNorm;N:32_C:256_H:112_W:112_;PARALLEL;5;200;13.5961;0.0679805;0.00891146;

BatchNorm;N:32_C:256_H:56_W:56_;PARALLEL;5;1000;17.2202;0.01722;0.000580014;

BatchNorm;N:32_C:2048_H:7_W:7_;PARALLEL;5;2000;7.15021;0.00357503;2.085e-05;


