Name;Descriptor;Mode;Warmup;Iterations;Duration;Mean;StdDev;
BatchNorm;N:32_C:1_H:224_W:224_;PARALLEL;5;4000;10.4385;0.00260955;0.000228029;

BatchNorm;N:32_C:64_H:112_W:112_;PARALLEL;5;1000;44.5434;0.0445432;0.003068;

BatchNorm;N:32_C:256_H:112_W:112_;PARALLEL;5;200;37.9867;0.189933;0.00644667;

BatchNorm;N:32_C:256_H:56_W:56_;PARALLEL;5;1000;46.5291;0.0465289;0.00341947;

BatchNorm;N:32_C:2048_H:7_W:7_;PARALLEL;5;2000;20.128;0.0100639;6.37678e-05;


