Name;Descriptor;Mode;Warmup;Iterations;Duration;Mean;StdDev;
BatchNorm;N:32_C:1_H:224_W:224_;PARALLEL;5;4000;2.50858;0.000627071;0.000138501;

BatchNorm;N:32_C:64_H:112_W:112_;PARALLEL;5;1000;7.338;0.00733766;0.00163874;

BatchNorm;N:32_C:256_H:112_W:112_;PARALLEL;5;200;5.95342;0.0297669;0.00685486;

BatchNorm;N:32_C:256_H:56_W:56_;PARALLEL;5;1000;7.18981;0.00718954;0.000926618;

BatchNorm;N:32_C:2048_H:7_W:7_;PARALLEL;5;2000;3.01038;0.00150514;4.16724e-05;


