Name;Descriptor;Mode;Warmup;Iterations;Duration;Mean;StdDev;
BatchNorm;N:32_C:1_H:224_W:224_;PARALLEL;5;4000;2.83246;0.000708008;0.000463009;

BatchNorm;N:32_C:64_H:112_W:112_;PARALLEL;5;1000;5.27674;0.00527648;0.00147575;

BatchNorm;N:32_C:256_H:112_W:112_;PARALLEL;5;200;4.41607;0.0220802;0.00596561;

BatchNorm;N:32_C:256_H:56_W:56_;PARALLEL;5;1000;5.46213;0.00546195;0.00109563;

BatchNorm;N:32_C:2048_H:7_W:7_;PARALLEL;5;2000;1.90594;0.000952918;2.22502e-05;


