Name;Descriptor;Mode;Warmup;Iterations;Duration;Mean;StdDev;
BatchNorm;N:32_C:1_H:224_W:224_;PARALLEL;5;4000;2.80791;0.000701884;0.000452907;

BatchNorm;N:32_C:64_H:112_W:112_;PARALLEL;5;1000;5.35946;0.00535921;0.00158128;

BatchNorm;N:32_C:256_H:112_W:112_;PARALLEL;5;200;5.47155;0.0273576;0.00318512;

BatchNorm;N:32_C:256_H:56_W:56_;PARALLEL;5;1000;5.23514;0.0052349;0.000911672;

BatchNorm;N:32_C:2048_H:7_W:7_;PARALLEL;5;2000;1.95972;0.000979803;1.96108e-05;


