Name;Descriptor;Mode;Warmup;Iterations;Duration;Mean;StdDev;
BatchNorm;N:32_C:1_H:224_W:224_;PARALLEL;5;4000;1.99932;0.000499745;0.000139559;

BatchNorm;N:32_C:64_H:112_W:112_;PARALLEL;5;1000;6.1837;0.00618345;0.00163914;

BatchNorm;N:32_C:256_H:112_W:112_;PARALLEL;5;200;5.13652;0.0256824;0.00733597;

BatchNorm;N:32_C:256_H:56_W:56_;PARALLEL;5;1000;5.99194;0.00599174;0.000868252;

BatchNorm;N:32_C:2048_H:7_W:7_;PARALLEL;5;2000;2.45552;0.00122765;1.07755e-05;


