Name;Descriptor;Mode;Warmup;Iterations;Duration;Mean;StdDev;
BatchNorm;N:32_C:1_H:224_W:224_;PARALLEL;5;4000;2.80507;0.000701157;0.000477191;

BatchNorm;N:32_C:64_H:112_W:112_;PARALLEL;5;1000;5.09532;0.00509505;0.00153751;

BatchNorm;N:32_C:256_H:112_W:112_;PARALLEL;5;200;4.96766;0.0248381;0.00500015;

BatchNorm;N:32_C:256_H:56_W:56_;PARALLEL;5;1000;4.70527;0.00470499;0.00124878;

BatchNorm;N:32_C:2048_H:7_W:7_;PARALLEL;5;2000;1.86007;0.000929976;2.15863e-05;


