Name;Descriptor;Mode;Warmup;Iterations;Duration;Mean;StdDev;
BatchNorm;N:32_C:1_H:224_W:224_;PARALLEL;5;4000;2.28983;0.000572348;0.000302447;

BatchNorm;N:32_C:64_H:112_W:112_;PARALLEL;5;1000;5.9657;0.00596546;0.00138381;

BatchNorm;N:32_C:256_H:112_W:112_;PARALLEL;5;200;5.4839;0.0274193;0.00747776;

BatchNorm;N:32_C:256_H:56_W:56_;PARALLEL;5;1000;6.31508;0.00631488;1.74175e-05;

BatchNorm;N:32_C:2048_H:7_W:7_;PARALLEL;5;2000;2.25502;0.00112745;1.12813e-05;


