Name;Descriptor;Mode;Warmup;Iterations;Duration;Mean;StdDev;
BatchNorm;N:32_C:1_H:224_W:224_;PARALLEL;5;4000;2.25418;0.000563439;0.000291181;

BatchNorm;N:32_C:64_H:112_W:112_;PARALLEL;5;1000;6.45579;0.00645558;0.00166543;

BatchNorm;N:32_C:256_H:112_W:112_;PARALLEL;5;200;5.38295;0.0269146;0.00684355;

BatchNorm;N:32_C:256_H:56_W:56_;PARALLEL;5;1000;6.33608;0.00633589;0.00132541;

BatchNorm;N:32_C:2048_H:7_W:7_;PARALLEL;5;2000;2.43437;0.00121715;1.26358e-05;


