Name;Descriptor;Mode;Warmup;Iterations;Duration;Mean;StdDev;
BatchNorm;N:32_C:1_H:224_W:224_;PARALLEL;5;4000;2.47155;0.000617778;0.000408142;

BatchNorm;N:32_C:64_H:112_W:112_;PARALLEL;5;1000;5.68321;0.00568295;0.00105362;

BatchNorm;N:32_C:256_H:112_W:112_;PARALLEL;5;200;4.76248;0.0238122;0.00644754;

BatchNorm;N:32_C:256_H:56_W:56_;PARALLEL;5;1000;5.5275;0.00552727;0.00119745;

BatchNorm;N:32_C:2048_H:7_W:7_;PARALLEL;5;2000;2.05448;0.00102719;1.96211e-05;


