Name;Descriptor;Mode;Warmup;Iterations;Duration;Mean;StdDev;
BatchNorm;N:32_C:1_H:224_W:224_;PARALLEL;5;4000;7.65512;0.00191368;1.26912e-05;

BatchNorm;N:32_C:64_H:112_W:112_;PARALLEL;5;1000;32.8134;0.0328131;0.000219954;

BatchNorm;N:32_C:256_H:112_W:112_;PARALLEL;5;200;26.3642;0.131821;4.07637e-05;

BatchNorm;N:32_C:256_H:56_W:56_;PARALLEL;5;1000;33.7176;0.0337174;0.000103315;

BatchNorm;N:32_C:2048_H:7_W:7_;PARALLEL;5;2000;17.8409;0.00892015;2.00913e-05;


