Name;Descriptor;Mode;Warmup;Iterations;Duration;Mean;StdDev;
BatchNorm;N:32_C:1_H:224_W:224_;PARALLEL;5;4000;3.37148;0.0008428;2.657e-05;

BatchNorm;N:32_C:64_H:112_W:112_;PARALLEL;5;1000;15.9218;0.0159216;4.96733e-05;

BatchNorm;N:32_C:256_H:112_W:112_;PARALLEL;5;200;12.8401;0.0642001;4.23075e-05;

BatchNorm;N:32_C:256_H:56_W:56_;PARALLEL;5;1000;16.1504;0.0161503;5.32075e-05;

BatchNorm;N:32_C:2048_H:7_W:7_;PARALLEL;5;2000;7.38503;0.00369218;1.39083e-05;


