Name;Descriptor;Mode;Warmup;Iterations;Duration;Mean;StdDev;
BatchNorm;N:32_C:1_H:224_W:224_;PARALLEL;5;4000;5.28118;0.00132022;1.84095e-05;

BatchNorm;N:32_C:64_H:112_W:112_;PARALLEL;5;1000;23.097;0.0230968;8.61091e-05;

BatchNorm;N:32_C:256_H:112_W:112_;PARALLEL;5;200;18.5525;0.0927623;7.09111e-05;

BatchNorm;N:32_C:256_H:56_W:56_;PARALLEL;5;1000;23.6046;0.0236044;8.3979e-05;

BatchNorm;N:32_C:2048_H:7_W:7_;PARALLEL;5;2000;12.17;0.00608468;0.000380288;


