Name;Descriptor;Mode;Warmup;Iterations;Duration;Mean;StdDev;
BatchNorm;N:32_C:1_H:224_W:224_;PARALLEL;5;4000;1.359;0.000339694;2.87947e-05;

BatchNorm;N:32_C:64_H:112_W:112_;PARALLEL;5;1000;10.9539;0.0109537;0.000303799;

BatchNorm;N:32_C:256_H:112_W:112_;PARALLEL;5;200;8.74517;0.0437256;0.000201567;

BatchNorm;N:32_C:256_H:56_W:56_;PARALLEL;5;1000;11.4182;0.011418;0.00031233;

BatchNorm;N:32_C:2048_H:7_W:7_;PARALLEL;5;2000;4.04428;0.00202188;3.97353e-05;


