Name;Descriptor;Mode;Warmup;Iterations;Duration;Mean;StdDev;
BatchNorm;N:32_C:1_H:224_W:224_;PARALLEL;5;4000;2.88554;0.000721349;2.42174e-05;

BatchNorm;N:32_C:64_H:112_W:112_;PARALLEL;5;1000;14.3024;0.0143023;0.000103168;

BatchNorm;N:32_C:256_H:112_W:112_;PARALLEL;5;200;11.5267;0.0576335;0.000158416;

BatchNorm;N:32_C:256_H:56_W:56_;PARALLEL;5;1000;14.4823;0.0144822;4.38275e-05;

BatchNorm;N:32_C:2048_H:7_W:7_;PARALLEL;5;2000;6.20585;0.00310261;1.27607e-05;


