Name;Descriptor;Mode;Warmup;Iterations;Duration;Mean;StdDev;
BatchNorm;N:32_C:1_H:224_W:224_;PARALLEL;5;4000;1.84138;0.000460293;2.60907e-05;

BatchNorm;N:32_C:64_H:112_W:112_;PARALLEL;5;1000;11.3185;0.0113183;4.99288e-05;

BatchNorm;N:32_C:256_H:112_W:112_;PARALLEL;5;200;9.26192;0.0463094;0.000340084;

BatchNorm;N:32_C:256_H:56_W:56_;PARALLEL;5;1000;11.689;0.0116887;6.65382e-05;

BatchNorm;N:32_C:2048_H:7_W:7_;PARALLEL;5;2000;4.76383;0.00238172;2.50571e-05;


