Name;Descriptor;Mode;Warmup;Iterations;Duration;Mean;StdDev;
BatchNorm;N:32_C:1_H:224_W:224_;PARALLEL;5;4000;3.84081;0.000960101;1.26837e-05;

BatchNorm;N:32_C:64_H:112_W:112_;PARALLEL;5;1000;20.9978;0.0209974;0.00010279;

BatchNorm;N:32_C:256_H:112_W:112_;PARALLEL;5;200;16.9203;0.0846011;0.000146345;

BatchNorm;N:32_C:256_H:56_W:56_;PARALLEL;5;1000;21.9094;0.021909;9.39881e-05;

BatchNorm;N:32_C:2048_H:7_W:7_;PARALLEL;5;2000;7.20236;0.00360097;1.84575e-05;


