Name;Descriptor;Mode;Warmup;Iterations;Duration;Mean;StdDev;
BatchNorm;N:32_C:1_H:224_W:224_;PARALLEL;5;4000;3.29976;0.000824876;0.000167585;

BatchNorm;N:32_C:64_H:112_W:112_;PARALLEL;5;1000;13.4925;0.0134923;0.00168904;

BatchNorm;N:32_C:256_H:112_W:112_;PARALLEL;5;200;12.0342;0.0601709;0.000814086;

BatchNorm;N:32_C:256_H:56_W:56_;PARALLEL;5;1000;14.7255;0.0147252;0.000949858;

BatchNorm;N:32_C:2048_H:7_W:7_;PARALLEL;5;2000;5.18757;0.00259372;2.23754e-05;


