Name;Descriptor;Mode;Warmup;Iterations;Duration;Mean;StdDev;
BatchNorm;N:32_C:1_H:224_W:224_;PARALLEL;5;4000;1.56588;0.000391382;8.2833e-05;

BatchNorm;N:32_C:64_H:112_W:112_;PARALLEL;5;1000;6.31636;0.00631604;0.00132425;

BatchNorm;N:32_C:256_H:112_W:112_;PARALLEL;5;200;4.77378;0.0238687;0.00303252;

BatchNorm;N:32_C:256_H:56_W:56_;PARALLEL;5;1000;4.89586;0.00489557;0.000849147;

BatchNorm;N:32_C:2048_H:7_W:7_;PARALLEL;5;2000;1.58822;0.000794058;3.81542e-05;


