Name;Descriptor;Mode;Warmup;Iterations;Duration;Mean;StdDev;
BatchNorm;N:32_C:1_H:224_W:224_;PARALLEL;5;4000;1.47047;0.000367559;8.26277e-05;

BatchNorm;N:32_C:64_H:112_W:112_;PARALLEL;5;1000;6.14498;0.00614465;0.00184726;

BatchNorm;N:32_C:256_H:112_W:112_;PARALLEL;5;200;4.6859;0.0234293;0.00369476;

BatchNorm;N:32_C:256_H:56_W:56_;PARALLEL;5;1000;6.25197;0.00625175;0.00157939;

BatchNorm;N:32_C:2048_H:7_W:7_;PARALLEL;5;2000;1.7241;0.000862003;6.13193e-05;


