Name;Descriptor;Mode;Warmup;Iterations;Duration;Mean;StdDev;
BatchNorm;N:32_C:1_H:224_W:224_;PARALLEL;5;4000;1.1948;0.000298625;1.8591e-05;

BatchNorm;N:32_C:64_H:112_W:112_;PARALLEL;5;1000;4.44919;0.00444889;0.00121428;

BatchNorm;N:32_C:256_H:112_W:112_;PARALLEL;5;200;4.87964;0.024398;0.00049526;

BatchNorm;N:32_C:256_H:56_W:56_;PARALLEL;5;1000;4.23616;0.00423589;0.000921679;

BatchNorm;N:32_C:2048_H:7_W:7_;PARALLEL;5;2000;1.54304;0.000771482;4.25585e-05;


