Name;Descriptor;Mode;Warmup;Iterations;Duration;Mean;StdDev;
BatchNorm;N:32_C:1_H:224_W:224_;PARALLEL;5;4000;1.95436;0.00048854;0.000122328;

BatchNorm;N:32_C:64_H:112_W:112_;PARALLEL;5;1000;7.15325;0.00715305;0.000943992;

BatchNorm;N:32_C:256_H:112_W:112_;PARALLEL;5;200;6.63667;0.0331831;0.00497848;

BatchNorm;N:32_C:256_H:56_W:56_;PARALLEL;5;1000;9.12803;0.00912771;0.00172279;

BatchNorm;N:32_C:2048_H:7_W:7_;PARALLEL;5;2000;2.35871;0.00117931;4.72774e-05;


