Name;Descriptor;Mode;Warmup;Iterations;Duration;Mean;StdDev;
BatchNorm;N:32_C:1_H:224_W:224_;PARALLEL;5;4000;1.17894;0.000294649;3.2812e-05;

BatchNorm;N:32_C:64_H:112_W:112_;PARALLEL;5;1000;4.63163;0.0046313;0.0012329;

BatchNorm;N:32_C:256_H:112_W:112_;PARALLEL;5;200;3.88823;0.0194409;0.000151687;

BatchNorm;N:32_C:256_H:56_W:56_;PARALLEL;5;1000;4.7008;0.00470056;0.00101961;

BatchNorm;N:32_C:2048_H:7_W:7_;PARALLEL;5;2000;1.56094;0.000780396;4.00258e-05;


