Name;Descriptor;Mode;Warmup;Iterations;Duration;Mean;StdDev;
BatchNorm;N:32_C:1_H:224_W:224_;PARALLEL;5;4000;1.4759;0.000368911;7.92521e-05;

BatchNorm;N:32_C:64_H:112_W:112_;PARALLEL;5;1000;6.63074;0.00663044;0.00171703;

BatchNorm;N:32_C:256_H:112_W:112_;PARALLEL;5;200;5.10311;0.0255153;0.00272152;

BatchNorm;N:32_C:256_H:56_W:56_;PARALLEL;5;1000;5.89306;0.00589276;0.00120951;

BatchNorm;N:32_C:2048_H:7_W:7_;PARALLEL;5;2000;1.84797;0.000923901;0.000249148;


