Name;Descriptor;Mode;Warmup;Iterations;Duration;Mean;StdDev;
BatchNorm;N:32_C:1_H:224_W:224_;PARALLEL;5;4000;2.32744;0.000581802;0.000132914;

BatchNorm;N:32_C:64_H:112_W:112_;PARALLEL;5;1000;8.77868;0.00877837;0.000989948;

BatchNorm;N:32_C:256_H:112_W:112_;PARALLEL;5;200;7.92959;0.0396477;0.000198801;

BatchNorm;N:32_C:256_H:56_W:56_;PARALLEL;5;1000;8.99513;0.00899481;0.0015031;

BatchNorm;N:32_C:2048_H:7_W:7_;PARALLEL;5;2000;3.25056;0.00162523;3.60588e-05;


