Name;Descriptor;Mode;Warmup;Iterations;Duration;Mean;StdDev;
BatchNorm;N:32_C:1_H:224_W:224_;PARALLEL;5;4000;1.13995;0.000284903;3.22273e-05;

BatchNorm;N:32_C:64_H:112_W:112_;PARALLEL;5;1000;4.98371;0.00498348;0.00154798;

BatchNorm;N:32_C:256_H:112_W:112_;PARALLEL;5;200;3.92018;0.0196007;0.00169137;

BatchNorm;N:32_C:256_H:56_W:56_;PARALLEL;5;1000;5.31316;0.00531293;0.000980603;

BatchNorm;N:32_C:2048_H:7_W:7_;PARALLEL;5;2000;1.62036;0.000810126;3.69379e-05;


