Name;Descriptor;Mode;Warmup;Iterations;Duration;Mean;StdDev;
BatchNorm;N:32_C:1_H:224_W:224_;PARALLEL;5;4000;2.29303;0.0005732;0.000154476;

BatchNorm;N:32_C:64_H:112_W:112_;PARALLEL;5;1000;10.4412;0.010441;0.00106113;

BatchNorm;N:32_C:256_H:112_W:112_;PARALLEL;5;200;9.52155;0.0476075;0.000504271;

BatchNorm;N:32_C:256_H:56_W:56_;PARALLEL;5;1000;10.6471;0.0106469;0.00132985;

BatchNorm;N:32_C:2048_H:7_W:7_;PARALLEL;5;2000;3.95417;0.00197704;3.72504e-05;


