Name;Descriptor;Mode;Warmup;Iterations;Duration;Mean;StdDev;
BatchNorm;N:32_C:1_H:224_W:224_;PARALLEL;5;4000;1.15608;0.000288933;2.75847e-05;

BatchNorm;N:32_C:64_H:112_W:112_;PARALLEL;5;1000;4.89455;0.00489428;0.000992098;

BatchNorm;N:32_C:256_H:112_W:112_;PARALLEL;5;200;3.95798;0.0197897;0.00162844;

BatchNorm;N:32_C:256_H:56_W:56_;PARALLEL;5;1000;4.69343;0.00469322;0.00119542;

BatchNorm;N:32_C:2048_H:7_W:7_;PARALLEL;5;2000;1.6042;0.000802029;8.20507e-05;


