Name;Descriptor;Mode;Warmup;Iterations;Duration;Mean;StdDev;
BatchNorm;N:32_C:1_H:224_W:224_;PARALLEL;5;4000;1.98456;0.000496088;9.22662e-05;

BatchNorm;N:32_C:64_H:112_W:112_;PARALLEL;5;1000;6.83507;0.00683475;0.00149751;

BatchNorm;N:32_C:256_H:112_W:112_;PARALLEL;5;200;5.75659;0.0287828;0.000179251;

BatchNorm;N:32_C:256_H:56_W:56_;PARALLEL;5;1000;6.80771;0.00680749;0.00124434;

BatchNorm;N:32_C:2048_H:7_W:7_;PARALLEL;5;2000;2.24523;0.00112257;5.11318e-05;


