Name;Descriptor;Mode;Warmup;Iterations;Duration;Mean;StdDev;
BatchNorm;N:32_C:1_H:224_W:224_;PARALLEL;5;4000;1.48084;0.000370158;8.20867e-05;

BatchNorm;N:32_C:64_H:112_W:112_;PARALLEL;5;1000;6.7856;0.00678529;0.00187509;

BatchNorm;N:32_C:256_H:112_W:112_;PARALLEL;5;200;6.30378;0.0315186;0.00178982;

BatchNorm;N:32_C:256_H:56_W:56_;PARALLEL;5;1000;6.45915;0.00645888;0.0011472;

BatchNorm;N:32_C:2048_H:7_W:7_;PARALLEL;5;2000;2.1486;0.00107423;0.000211467;


