Name;Descriptor;Mode;Warmup;Iterations;Duration;Mean;StdDev;
BatchNorm;N:32_C:1_H:224_W:224_;PARALLEL;5;4000;1.56715;0.000391732;8.82502e-05;

BatchNorm;N:32_C:64_H:112_W:112_;PARALLEL;5;1000;6.87362;0.00687331;0.00179442;

BatchNorm;N:32_C:256_H:112_W:112_;PARALLEL;5;200;5.50337;0.0275166;0.000672167;

BatchNorm;N:32_C:256_H:56_W:56_;PARALLEL;5;1000;6.20377;0.00620348;0.00150296;

BatchNorm;N:32_C:2048_H:7_W:7_;PARALLEL;5;2000;2.07092;0.00103542;4.84455e-05;


