Name;Descriptor;Mode;Warmup;Iterations;Duration;Mean;StdDev;
BatchNorm;N:32_C:1_H:224_W:224_;PARALLEL;5;4000;1.13113;0.00028271;3.16631e-05;

BatchNorm;N:32_C:64_H:112_W:112_;PARALLEL;5;1000;4.81352;0.00481315;0.00105299;

BatchNorm;N:32_C:256_H:112_W:112_;PARALLEL;5;200;5.08043;0.0254019;0.00197248;

BatchNorm;N:32_C:256_H:56_W:56_;PARALLEL;5;1000;4.61126;0.00461092;0.000857026;

BatchNorm;N:32_C:2048_H:7_W:7_;PARALLEL;5;2000;1.64723;0.00082358;4.4555e-05;


