Name;Descriptor;Mode;Warmup;Iterations;Duration;Mean;StdDev;
BatchNorm;N:32_C:1_H:224_W:224_;PARALLEL;5;4000;1.19699;0.000299117;1.38482e-05;

BatchNorm;N:32_C:64_H:112_W:112_;PARALLEL;5;1000;4.30674;0.00430653;0.00102113;

BatchNorm;N:32_C:256_H:112_W:112_;PARALLEL;5;200;4.91724;0.024586;0.00131183;

BatchNorm;N:32_C:256_H:56_W:56_;PARALLEL;5;1000;4.09833;0.00409799;0.00079871;

BatchNorm;N:32_C:2048_H:7_W:7_;PARALLEL;5;2000;1.54167;0.000770712;4.06927e-05;


