Name;Descriptor;Mode;Warmup;Iterations;Duration;Mean;StdDev;
BatchNorm;N:32_C:1_H:224_W:224_;PARALLEL;5;4000;1.21538;0.000303714;2.73434e-05;

BatchNorm;N:32_C:64_H:112_W:112_;PARALLEL;5;1000;4.27062;0.00427048;0.000942247;

BatchNorm;N:32_C:256_H:112_W:112_;PARALLEL;5;200;4.92318;0.0246158;0.000600803;

BatchNorm;N:32_C:256_H:56_W:56_;PARALLEL;5;1000;3.93693;0.00393681;2.98097e-05;

BatchNorm;N:32_C:2048_H:7_W:7_;PARALLEL;5;2000;1.54571;0.000772793;0.000144788;


