Name;Descriptor;Mode;Warmup;Iterations;Duration;Mean;StdDev;
BatchNorm;N:32_C:1_H:224_W:224_;PARALLEL;5;4000;1.13198;0.000282934;3.15047e-05;

BatchNorm;N:32_C:64_H:112_W:112_;PARALLEL;5;1000;5.94041;0.0059401;0.00159996;

BatchNorm;N:32_C:256_H:112_W:112_;PARALLEL;5;200;5.27057;0.0263526;0.00467809;

BatchNorm;N:32_C:256_H:56_W:56_;PARALLEL;5;1000;5.69556;0.00569524;1.92907e-05;

BatchNorm;N:32_C:2048_H:7_W:7_;PARALLEL;5;2000;1.79661;0.000898265;5.76367e-05;


