Name;Descriptor;Mode;Warmup;Iterations;Duration;Mean;StdDev;
BatchNorm;N:32_C:1_H:224_W:224_;PARALLEL;5;4000;2.80551;0.000701331;0.000163359;

BatchNorm;N:32_C:64_H:112_W:112_;PARALLEL;5;1000;11.947;0.0119469;0.00188909;

BatchNorm;N:32_C:256_H:112_W:112_;PARALLEL;5;200;10.5653;0.0528263;0.000134134;

BatchNorm;N:32_C:256_H:56_W:56_;PARALLEL;5;1000;12.7125;0.0127124;0.00157633;

BatchNorm;N:32_C:2048_H:7_W:7_;PARALLEL;5;2000;4.53481;0.00226731;3.36846e-05;


