Name;Descriptor;Mode;Warmup;Iterations;Duration;Mean;StdDev;
BatchNorm;N:32_C:1_H:224_W:224_;PARALLEL;5;4000;1.19772;0.000299355;3.61226e-05;

BatchNorm;N:32_C:64_H:112_W:112_;PARALLEL;5;1000;4.52406;0.00452379;0.00117549;

BatchNorm;N:32_C:256_H:112_W:112_;PARALLEL;5;200;4.87579;0.0243788;0.000631447;

BatchNorm;N:32_C:256_H:56_W:56_;PARALLEL;5;1000;4.16646;0.00416631;0.000979539;

BatchNorm;N:32_C:2048_H:7_W:7_;PARALLEL;5;2000;1.55437;0.00077712;4.76292e-05;


