Name;Descriptor;Mode;Warmup;Iterations;Duration;Mean;StdDev;
BatchNorm;N:32_C:1_H:224_W:224_;PARALLEL;5;4000;1.12648;0.000281553;5.01062e-05;

BatchNorm;N:32_C:64_H:112_W:112_;PARALLEL;5;1000;5.35315;0.00535294;0.00119938;

BatchNorm;N:32_C:256_H:112_W:112_;PARALLEL;5;200;5.59998;0.0279997;0.00323727;

BatchNorm;N:32_C:256_H:56_W:56_;PARALLEL;5;1000;5.89418;0.00589392;0.00127566;

BatchNorm;N:32_C:2048_H:7_W:7_;PARALLEL;5;2000;1.77732;0.000888608;6.07792e-05;


