Name;Descriptor;Mode;Warmup;Iterations;Duration;Mean;StdDev;
BatchNorm;N:32_C:1_H:224_W:224_;PARALLEL;5;4000;1.18068;0.00029508;1.57106e-05;

BatchNorm;N:32_C:64_H:112_W:112_;PARALLEL;5;1000;4.38107;0.00438076;0.00107215;

BatchNorm;N:32_C:256_H:112_W:112_;PARALLEL;5;200;4.42461;0.0221228;0.00549704;

BatchNorm;N:32_C:256_H:56_W:56_;PARALLEL;5;1000;4.49644;0.00449617;0.000852819;

BatchNorm;N:32_C:2048_H:7_W:7_;PARALLEL;5;2000;1.55231;0.000776024;0.000118381;


