Name;Descriptor;Mode;Warmup;Iterations;Duration;Mean;StdDev;
BatchNorm;N:32_C:1_H:224_W:224_;PARALLEL;5;4000;1.19153;0.000297814;2.23055e-05;

BatchNorm;N:32_C:64_H:112_W:112_;PARALLEL;5;1000;4.37901;0.00437876;0.00102438;

BatchNorm;N:32_C:256_H:112_W:112_;PARALLEL;5;200;3.76037;0.0188016;0.00225733;

BatchNorm;N:32_C:256_H:56_W:56_;PARALLEL;5;1000;4.65192;0.00465164;0.00105214;

BatchNorm;N:32_C:2048_H:7_W:7_;PARALLEL;5;2000;1.52535;0.000762605;4.09e-05;


