Name;Descriptor;Mode;Warmup;Iterations;Duration;Mean;StdDev;
BatchNorm;N:32_C:1_H:224_W:224_;PARALLEL;5;4000;1.17406;0.000293439;2.96244e-05;

BatchNorm;N:32_C:64_H:112_W:112_;PARALLEL;5;1000;4.77013;0.00476996;0.00141799;

BatchNorm;N:32_C:256_H:112_W:112_;PARALLEL;5;200;3.75712;0.0187854;0.0018016;

BatchNorm;N:32_C:256_H:56_W:56_;PARALLEL;5;1000;4.93106;0.00493089;0.000900211;

BatchNorm;N:32_C:2048_H:7_W:7_;PARALLEL;5;2000;1.59105;0.000795411;3.91082e-05;


