Name;Descriptor;Mode;Warmup;Iterations;Duration;Mean;StdDev;
BatchNorm;N:32_C:1_H:224_W:224_;PARALLEL;5;4000;8.13952;0.00203481;0.000195329;

BatchNorm;N:32_C:64_H:112_W:112_;PARALLEL;5;1000;36.9531;0.0369529;0.00162058;

BatchNorm;N:32_C:256_H:112_W:112_;PARALLEL;5;200;32.9159;0.164579;0.00247269;

BatchNorm;N:32_C:256_H:56_W:56_;PARALLEL;5;1000;39.5469;0.0395467;0.00330261;

BatchNorm;N:32_C:2048_H:7_W:7_;PARALLEL;5;2000;14.7054;0.0073526;5.65237e-05;


