Name;Descriptor;Mode;Warmup;Iterations;Duration;Mean;StdDev;
BatchNorm;N:32_C:1_H:224_W:224_;PARALLEL;5;4000;1.92959;0.000482345;0.000140248;

BatchNorm;N:32_C:64_H:112_W:112_;PARALLEL;5;1000;7.30039;0.00730021;0.000942663;

BatchNorm;N:32_C:256_H:112_W:112_;PARALLEL;5;200;7.05405;0.0352701;0.00052903;

BatchNorm;N:32_C:256_H:56_W:56_;PARALLEL;5;1000;7.51837;0.00751818;0.00130095;

BatchNorm;N:32_C:2048_H:7_W:7_;PARALLEL;5;2000;2.55266;0.00127627;5.13676e-05;


