Name;Descriptor;Mode;Warmup;Iterations;Duration;Mean;StdDev;
BatchNorm;N:32_C:1_H:224_W:224_;PARALLEL;5;4000;1.1227;0.000280608;3.55242e-05;

BatchNorm;N:32_C:64_H:112_W:112_;PARALLEL;5;1000;5.51926;0.00551897;0.00118957;

BatchNorm;N:32_C:256_H:112_W:112_;PARALLEL;5;200;4.31061;0.0215529;0.000235571;

BatchNorm;N:32_C:256_H:56_W:56_;PARALLEL;5;1000;4.84583;0.00484557;0.000958263;

BatchNorm;N:32_C:2048_H:7_W:7_;PARALLEL;5;2000;1.74002;0.000869879;4.2511e-05;


