Name;Descriptor;Mode;Warmup;Iterations;Duration;Mean;StdDev;
BatchNorm;N:32_C:1_H:224_W:224_;PARALLEL;5;4000;5.73097;0.0014327;0.000157137;

BatchNorm;N:32_C:64_H:112_W:112_;PARALLEL;5;1000;25.5908;0.0255906;0.00247034;

BatchNorm;N:32_C:256_H:112_W:112_;PARALLEL;5;200;21.9702;0.109851;0.00180463;

BatchNorm;N:32_C:256_H:56_W:56_;PARALLEL;5;1000;26.6362;0.0266359;0.00230931;

BatchNorm;N:32_C:2048_H:7_W:7_;PARALLEL;5;2000;10.3261;0.00516297;3.67375e-05;


