Name;Descriptor;Mode;Warmup;Iterations;Duration;Mean;StdDev;
BatchNorm;N:32_C:1_H:224_W:224_;PARALLEL;5;4000;1.13414;0.000283477;3.66229e-05;

BatchNorm;N:32_C:64_H:112_W:112_;PARALLEL;5;1000;5.44717;0.00544692;0.00141127;

BatchNorm;N:32_C:256_H:112_W:112_;PARALLEL;5;200;4.43733;0.0221864;0.000951336;

BatchNorm;N:32_C:256_H:56_W:56_;PARALLEL;5;1000;5.02348;0.00502333;0.00140582;

BatchNorm;N:32_C:2048_H:7_W:7_;PARALLEL;5;2000;1.74172;0.000870807;4.59061e-05;


