Name;Descriptor;Mode;Warmup;Iterations;Duration;Mean;StdDev;
BatchNorm;N:32_C:1_H:224_W:224_;PARALLEL;5;4000;1.435;0.000358704;6.85051e-05;

BatchNorm;N:32_C:64_H:112_W:112_;PARALLEL;5;1000;6.42447;0.00642413;0.00191468;

BatchNorm;N:32_C:256_H:112_W:112_;PARALLEL;5;200;4.82281;0.0241138;0.00390264;

BatchNorm;N:32_C:256_H:56_W:56_;PARALLEL;5;1000;5.67028;0.00567001;7.35614e-05;

BatchNorm;N:32_C:2048_H:7_W:7_;PARALLEL;5;2000;1.66179;0.000830829;0.000176414;


