Name;Descriptor;Mode;Warmup;Iterations;Duration;Mean;StdDev;
BatchNorm;N:32_C:1_H:224_W:224_;PARALLEL;5;4000;1.47987;0.000369918;9.65136e-05;

BatchNorm;N:32_C:64_H:112_W:112_;PARALLEL;5;1000;7.08561;0.00708538;0.00157434;

BatchNorm;N:32_C:256_H:112_W:112_;PARALLEL;5;200;6.11581;0.0305789;0.00417262;

BatchNorm;N:32_C:256_H:56_W:56_;PARALLEL;5;1000;6.50386;0.00650371;0.00122385;

BatchNorm;N:32_C:2048_H:7_W:7_;PARALLEL;5;2000;2.16867;0.00108427;0.00012794;


