Name;Descriptor;Mode;Warmup;Iterations;Duration;Mean;StdDev;
BatchNorm;N:32_C:1_H:224_W:224_;PARALLEL;5;4000;1.1983;0.000299487;1.61377e-05;

BatchNorm;N:32_C:64_H:112_W:112_;PARALLEL;5;1000;4.20847;0.0042082;0.00152234;

BatchNorm;N:32_C:256_H:112_W:112_;PARALLEL;5;200;4.96752;0.0248373;0.000533716;

BatchNorm;N:32_C:256_H:56_W:56_;PARALLEL;5;1000;4.35762;0.00435739;0.000440799;

BatchNorm;N:32_C:2048_H:7_W:7_;PARALLEL;5;2000;1.57614;0.000787973;0.000119877;


