Name;Descriptor;Mode;Warmup;Iterations;Duration;Mean;StdDev;
BatchNorm;N:32_C:1_H:224_W:224_;PARALLEL;5;4000;1.11975;0.000279878;3.63202e-05;

BatchNorm;N:32_C:64_H:112_W:112_;PARALLEL;5;1000;6.33534;0.00633499;0.00121926;

BatchNorm;N:32_C:256_H:112_W:112_;PARALLEL;5;200;5.37622;0.0268809;0.00509769;

BatchNorm;N:32_C:256_H:56_W:56_;PARALLEL;5;1000;5.47086;0.00547054;0.00136594;

BatchNorm;N:32_C:2048_H:7_W:7_;PARALLEL;5;2000;1.84135;0.00092062;5.28815e-05;


