Name;Descriptor;Mode;Warmup;Iterations;Duration;Mean;StdDev;
BatchNorm;N:32_C:1_H:224_W:224_;PARALLEL;5;4000;1.11068;0.00027759;2.74254e-05;

BatchNorm;N:32_C:64_H:112_W:112_;PARALLEL;5;1000;5.00388;0.00500365;0.000978803;

BatchNorm;N:32_C:256_H:112_W:112_;PARALLEL;5;200;3.99859;0.0199927;0.00160395;

BatchNorm;N:32_C:256_H:56_W:56_;PARALLEL;5;1000;5.09149;0.00509122;0.00132118;

BatchNorm;N:32_C:2048_H:7_W:7_;PARALLEL;5;2000;1.66977;0.000834834;3.89861e-05;


