Name;Descriptor;Mode;Warmup;Iterations;Duration;Mean;StdDev;
BatchNorm;N:32_C:1_H:224_W:224_;PARALLEL;5;4000;1.21127;0.000302741;1.6273e-05;

BatchNorm;N:32_C:64_H:112_W:112_;PARALLEL;5;1000;4.29254;0.00429227;0.0010027;

BatchNorm;N:32_C:256_H:112_W:112_;PARALLEL;5;200;4.92281;0.0246138;0.00040405;

BatchNorm;N:32_C:256_H:56_W:56_;PARALLEL;5;1000;4.12787;0.00412765;0.00119442;

BatchNorm;N:32_C:2048_H:7_W:7_;PARALLEL;5;2000;1.55587;0.000777868;0.000205989;


