Name;Descriptor;Mode;Warmup;Iterations;Duration;Mean;StdDev;
BatchNorm;N:32_C:1_H:224_W:224_;PARALLEL;5;4000;0.918722;0.000229541;4.79901e-05;

BatchNorm;N:32_C:64_H:112_W:112_;PARALLEL;5;1000;4.96928;0.00496902;0.00141615;

BatchNorm;N:32_C:256_H:112_W:112_;PARALLEL;5;200;4.68259;0.0234126;0.00568191;

BatchNorm;N:32_C:256_H:56_W:56_;PARALLEL;5;1000;5.13911;0.00513876;0.000201887;

BatchNorm;N:32_C:2048_H:7_W:7_;PARALLEL;5;2000;1.65507;0.00082748;4.42006e-05;


