Name;Descriptor;Mode;Warmup;Iterations;Duration;Mean;StdDev;
BatchNorm;N:32_C:1_H:224_W:224_;PARALLEL;5;4000;1.02527;0.000256261;3.85106e-05;

BatchNorm;N:32_C:64_H:112_W:112_;PARALLEL;5;1000;4.24479;0.00424432;0.00148689;

BatchNorm;N:32_C:256_H:112_W:112_;PARALLEL;5;200;4.758;0.0237896;0.00102071;

BatchNorm;N:32_C:256_H:56_W:56_;PARALLEL;5;1000;3.93798;0.00393746;0.000844386;

BatchNorm;N:32_C:2048_H:7_W:7_;PARALLEL;5;2000;1.4466;0.000723171;4.30408e-05;


