Name;Descriptor;Mode;Warmup;Iterations;Duration;Mean;StdDev;
BatchNorm;N:32_C:1_H:224_W:224_;PARALLEL;5;4000;0.909671;0.00022728;3.20608e-05;

BatchNorm;N:32_C:64_H:112_W:112_;PARALLEL;5;1000;4.92664;0.00492625;0.0013246;

BatchNorm;N:32_C:256_H:112_W:112_;PARALLEL;5;200;3.70212;0.0185103;0.00209987;

BatchNorm;N:32_C:256_H:56_W:56_;PARALLEL;5;1000;4.81757;0.00481723;0.000804456;

BatchNorm;N:32_C:2048_H:7_W:7_;PARALLEL;5;2000;1.56061;0.000780248;3.59316e-05;


