Name;Descriptor;Mode;Warmup;Iterations;Duration;Mean;StdDev;
BatchNorm;N:32_C:1_H:224_W:224_;PARALLEL;5;4000;0.943951;0.00023584;0.000135562;

BatchNorm;N:32_C:64_H:112_W:112_;PARALLEL;5;1000;4.5345;0.00453414;0.00106114;

BatchNorm;N:32_C:256_H:112_W:112_;PARALLEL;5;200;4.49593;0.0224795;0.00588969;

BatchNorm;N:32_C:256_H:56_W:56_;PARALLEL;5;1000;4.45534;0.004455;0.000787185;

BatchNorm;N:32_C:2048_H:7_W:7_;PARALLEL;5;2000;1.50151;0.000750597;3.12857e-05;


