Name;Descriptor;Mode;Warmup;Iterations;Duration;Mean;StdDev;
BatchNorm;N:32_C:1_H:224_W:224_;PARALLEL;5;4000;1.9524;0.000488036;0.000113004;

BatchNorm;N:32_C:64_H:112_W:112_;PARALLEL;5;1000;6.63415;0.00663382;0.00119949;

BatchNorm;N:32_C:256_H:112_W:112_;PARALLEL;5;200;5.75082;0.0287539;0.00015132;

BatchNorm;N:32_C:256_H:56_W:56_;PARALLEL;5;1000;7.05863;0.0070584;0.000897907;

BatchNorm;N:32_C:2048_H:7_W:7_;PARALLEL;5;2000;2.19662;0.00109826;5.48299e-05;


