Name;Descriptor;Mode;Warmup;Iterations;Duration;Mean;StdDev;
BatchNorm;N:32_C:1_H:224_W:224_;PARALLEL;5;4000;0.90407;0.000225865;3.67006e-05;

BatchNorm;N:32_C:64_H:112_W:112_;PARALLEL;5;1000;4.88654;0.00488635;0.00130076;

BatchNorm;N:32_C:256_H:112_W:112_;PARALLEL;5;200;3.92552;0.0196274;0.00206708;

BatchNorm;N:32_C:256_H:56_W:56_;PARALLEL;5;1000;5.10094;0.00510079;1.90286e-05;

BatchNorm;N:32_C:2048_H:7_W:7_;PARALLEL;5;2000;1.55336;0.000776637;8.36696e-05;


