Name;Descriptor;Mode;Warmup;Iterations;Duration;Mean;StdDev;
BatchNorm;N:32_C:1_H:224_W:224_;PARALLEL;5;4000;0.98847;0.000246956;3.46168e-05;

BatchNorm;N:32_C:64_H:112_W:112_;PARALLEL;5;1000;4.48838;0.00448809;0.00127124;

BatchNorm;N:32_C:256_H:112_W:112_;PARALLEL;5;200;4.92764;0.024638;0.000380798;

BatchNorm;N:32_C:256_H:56_W:56_;PARALLEL;5;1000;4.1266;0.00412634;0.000917844;

BatchNorm;N:32_C:2048_H:7_W:7_;PARALLEL;5;2000;1.47274;0.000736247;0.000158364;


