Name;Descriptor;Mode;Warmup;Iterations;Duration;Mean;StdDev;
BatchNorm;N:32_C:1_H:224_W:224_;PARALLEL;5;4000;1.38766;0.000346874;5.94292e-05;

BatchNorm;N:32_C:64_H:112_W:112_;PARALLEL;5;1000;5.78139;0.00578099;0.00156684;

BatchNorm;N:32_C:256_H:112_W:112_;PARALLEL;5;200;4.85584;0.0242789;0.00288228;

BatchNorm;N:32_C:256_H:56_W:56_;PARALLEL;5;1000;5.37528;0.00537492;0.00115103;

BatchNorm;N:32_C:2048_H:7_W:7_;PARALLEL;5;2000;1.55603;0.000777978;4.61188e-05;


