Name;Descriptor;Mode;Warmup;Iterations;Duration;Mean;StdDev;
BatchNorm;N:32_C:1_H:224_W:224_;PARALLEL;5;4000;0.991019;0.000247696;1.33891e-05;

BatchNorm;N:32_C:64_H:112_W:112_;PARALLEL;5;1000;4.24402;0.00424379;0.0012934;

BatchNorm;N:32_C:256_H:112_W:112_;PARALLEL;5;200;4.87617;0.0243805;0.000944506;

BatchNorm;N:32_C:256_H:56_W:56_;PARALLEL;5;1000;4.11942;0.00411924;0.00111012;

BatchNorm;N:32_C:2048_H:7_W:7_;PARALLEL;5;2000;1.47923;0.000739576;4.61683e-05;


