Name;Descriptor;Mode;Warmup;Iterations;Duration;Mean;StdDev;
BatchNorm;N:32_C:1_H:224_W:224_;PARALLEL;5;4000;0.961518;0.000240221;3.99578e-05;

BatchNorm;N:32_C:64_H:112_W:112_;PARALLEL;5;1000;4.50731;0.00450683;0.00104805;

BatchNorm;N:32_C:256_H:112_W:112_;PARALLEL;5;200;4.99322;0.0249658;0.00394621;

BatchNorm;N:32_C:256_H:56_W:56_;PARALLEL;5;1000;4.64478;0.00464461;0.000210485;

BatchNorm;N:32_C:2048_H:7_W:7_;PARALLEL;5;2000;1.52759;0.000763746;0.000113719;


