Name;Descriptor;Mode;Warmup;Iterations;Duration;Mean;StdDev;
BatchNorm;N:32_C:1_H:224_W:224_;PARALLEL;5;4000;8.09653;0.00202404;0.000212558;

BatchNorm;N:32_C:64_H:112_W:112_;PARALLEL;5;1000;36.8143;0.0368141;0.00263615;

BatchNorm;N:32_C:256_H:112_W:112_;PARALLEL;5;200;32.2828;0.161414;0.00238007;

BatchNorm;N:32_C:256_H:56_W:56_;PARALLEL;5;1000;38.9855;0.0389853;0.00349534;

BatchNorm;N:32_C:2048_H:7_W:7_;PARALLEL;5;2000;14.7047;0.00735226;5.42699e-05;


