Name;Descriptor;Mode;Warmup;Iterations;Duration;Mean;StdDev;
BatchNorm;N:32_C:1_H:224_W:224_;PARALLEL;5;4000;1.43871;0.000359635;0.000101494;

BatchNorm;N:32_C:64_H:112_W:112_;PARALLEL;5;1000;6.65256;0.00665221;0.00205776;

BatchNorm;N:32_C:256_H:112_W:112_;PARALLEL;5;200;5.39518;0.0269756;0.000557082;

BatchNorm;N:32_C:256_H:56_W:56_;PARALLEL;5;1000;6.43525;0.00643493;0.00141034;

BatchNorm;N:32_C:2048_H:7_W:7_;PARALLEL;5;2000;2.11437;0.00105714;0.000148415;


