Name;Descriptor;Mode;Warmup;Iterations;Duration;Mean;StdDev;
BatchNorm;N:32_C:1_H:224_W:224_;PARALLEL;5;4000;0.999357;0.000249572;2.66497e-05;

BatchNorm;N:32_C:64_H:112_W:112_;PARALLEL;5;1000;4.18199;0.00418158;0.00135241;

BatchNorm;N:32_C:256_H:112_W:112_;PARALLEL;5;200;4.25346;0.0212669;0.00573048;

BatchNorm;N:32_C:256_H:56_W:56_;PARALLEL;5;1000;3.93026;0.00392984;0.000944799;

BatchNorm;N:32_C:2048_H:7_W:7_;PARALLEL;5;2000;1.39479;0.000697279;3.11599e-05;


