Name;Descriptor;Mode;Warmup;Iterations;Duration;Mean;StdDev;
BatchNorm;N:32_C:1_H:224_W:224_;PARALLEL;5;4000;1.01672;0.000254001;1.60692e-05;

BatchNorm;N:32_C:64_H:112_W:112_;PARALLEL;5;1000;4.05481;0.00405462;0.00110341;

BatchNorm;N:32_C:256_H:112_W:112_;PARALLEL;5;200;4.94898;0.0247446;0.00180876;

BatchNorm;N:32_C:256_H:56_W:56_;PARALLEL;5;1000;4.24925;0.00424896;0.00116323;

BatchNorm;N:32_C:2048_H:7_W:7_;PARALLEL;5;2000;1.40955;0.0007046;3.31878e-05;


