Name;Descriptor;Mode;Warmup;Iterations;Duration;Mean;StdDev;
BatchNorm;N:32_C:1_H:224_W:224_;PARALLEL;5;4000;1.39604;0.000348959;7.40047e-05;

BatchNorm;N:32_C:64_H:112_W:112_;PARALLEL;5;1000;6.22835;0.006228;0.00213044;

BatchNorm;N:32_C:256_H:112_W:112_;PARALLEL;5;200;5.02022;0.0251009;0.00370936;

BatchNorm;N:32_C:256_H:56_W:56_;PARALLEL;5;1000;5.21905;0.00521878;0.00129006;

BatchNorm;N:32_C:2048_H:7_W:7_;PARALLEL;5;2000;1.58121;0.000790548;5.67988e-05;


