Name;Descriptor;Mode;Warmup;Iterations;Duration;Mean;StdDev;
BatchNorm;N:32_C:1_H:224_W:224_;PARALLEL;5;4000;2.30389;0.000575913;0.000137663;

BatchNorm;N:32_C:64_H:112_W:112_;PARALLEL;5;1000;9.74271;0.00974243;0.00251544;

BatchNorm;N:32_C:256_H:112_W:112_;PARALLEL;5;200;8.67811;0.0433903;0.0109389;

BatchNorm;N:32_C:256_H:56_W:56_;PARALLEL;5;1000;10.1683;0.010168;0.00132256;

BatchNorm;N:32_C:2048_H:7_W:7_;PARALLEL;5;2000;3.48789;0.00174387;4.3826e-05;


