Name;Descriptor;Mode;Warmup;Iterations;Duration;Mean;StdDev;
BatchNorm;N:32_C:1_H:224_W:224_;PARALLEL;5;4000;0.914705;0.000228528;3.64759e-05;

BatchNorm;N:32_C:64_H:112_W:112_;PARALLEL;5;1000;4.67729;0.00467701;0.00116206;

BatchNorm;N:32_C:256_H:112_W:112_;PARALLEL;5;200;4.92997;0.0246496;0.00325103;

BatchNorm;N:32_C:256_H:56_W:56_;PARALLEL;5;1000;4.36287;0.00436255;0.00141499;

BatchNorm;N:32_C:2048_H:7_W:7_;PARALLEL;5;2000;1.52516;0.000762439;4.85882e-05;


