Name;Descriptor;Mode;Warmup;Iterations;Duration;Mean;StdDev;
BatchNorm;N:32_C:1_H:224_W:224_;PARALLEL;5;4000;1.05999;0.000264814;2.02324e-05;

BatchNorm;N:32_C:64_H:112_W:112_;PARALLEL;5;1000;3.75665;0.0037564;0.00130281;

BatchNorm;N:32_C:256_H:112_W:112_;PARALLEL;5;200;4.48816;0.0224405;0.00537591;

BatchNorm;N:32_C:256_H:56_W:56_;PARALLEL;5;1000;4.67661;0.00467631;0.000349056;

BatchNorm;N:32_C:2048_H:7_W:7_;PARALLEL;5;2000;1.42012;0.000709971;1.40928e-05;


