Name;Descriptor;Mode;Warmup;Iterations;Duration;Mean;StdDev;
BatchNorm;N:32_C:1_H:224_W:224_;PARALLEL;5;4000;2.80369;0.000700862;0.000170838;

BatchNorm;N:32_C:64_H:112_W:112_;PARALLEL;5;1000;11.8203;0.01182;0.0015432;

BatchNorm;N:32_C:256_H:112_W:112_;PARALLEL;5;200;10.3456;0.051728;0.0040485;

BatchNorm;N:32_C:256_H:56_W:56_;PARALLEL;5;1000;12.0939;0.0120937;0.00140738;

BatchNorm;N:32_C:2048_H:7_W:7_;PARALLEL;5;2000;4.46204;0.00223089;3.33243e-05;


