Name;Descriptor;Mode;Warmup;Iterations;Duration;Mean;StdDev;
BatchNorm;N:32_C:1_H:224_W:224_;PARALLEL;5;4000;1.44365;0.00036075;4.57385e-05;

BatchNorm;N:32_C:64_H:112_W:112_;PARALLEL;5;1000;5.45455;0.00545414;0.00160488;

BatchNorm;N:32_C:256_H:112_W:112_;PARALLEL;5;200;4.89668;0.0244831;0.00191131;

BatchNorm;N:32_C:256_H:56_W:56_;PARALLEL;5;1000;4.60567;0.00460536;0.000824489;

BatchNorm;N:32_C:2048_H:7_W:7_;PARALLEL;5;2000;1.46258;0.000731237;4.03334e-05;


