Name;Descriptor;Mode;Warmup;Iterations;Duration;Mean;StdDev;
BatchNorm;N:32_C:1_H:224_W:224_;PARALLEL;5;4000;0.98312;0.000245613;1.7433e-05;

BatchNorm;N:32_C:64_H:112_W:112_;PARALLEL;5;1000;4.45494;0.00445455;0.00123937;

BatchNorm;N:32_C:256_H:112_W:112_;PARALLEL;5;200;4.28763;0.0214378;0.00615468;

BatchNorm;N:32_C:256_H:56_W:56_;PARALLEL;5;1000;4.23471;0.00423446;1.97626e-05;

BatchNorm;N:32_C:2048_H:7_W:7_;PARALLEL;5;2000;1.41715;0.000708476;4.30253e-05;


