Name;Descriptor;Mode;Warmup;Iterations;Duration;Mean;StdDev;
BatchNorm;N:32_C:1_H:224_W:224_;PARALLEL;5;4000;0.994585;0.000248489;3.27551e-05;

BatchNorm;N:32_C:64_H:112_W:112_;PARALLEL;5;1000;4.00697;0.00400665;0.0013783;

BatchNorm;N:32_C:256_H:112_W:112_;PARALLEL;5;200;4.9104;0.0245518;0.000643409;

BatchNorm;N:32_C:256_H:56_W:56_;PARALLEL;5;1000;4.07556;0.00407524;0.00133118;

BatchNorm;N:32_C:2048_H:7_W:7_;PARALLEL;5;2000;1.4106;0.000705182;4.1448e-05;


