Name;Descriptor;Mode;Warmup;Iterations;Duration;Mean;StdDev;
BatchNorm;N:32_C:1_H:224_W:224_;PARALLEL;5;4000;1.03225;0.000257999;1.58975e-05;

BatchNorm;N:32_C:64_H:112_W:112_;PARALLEL;5;1000;4.17803;0.00417781;0.00108016;

BatchNorm;N:32_C:256_H:112_W:112_;PARALLEL;5;200;4.84147;0.024207;0.000323986;

BatchNorm;N:32_C:256_H:56_W:56_;PARALLEL;5;1000;3.71794;0.00371772;0.000931476;

BatchNorm;N:32_C:2048_H:7_W:7_;PARALLEL;5;2000;1.39647;0.00069819;3.53693e-05;


