Name;Descriptor;Mode;Warmup;Iterations;Duration;Mean;StdDev;
BatchNorm;N:32_C:1_H:224_W:224_;PARALLEL;5;4000;1.43915;0.000359743;5.79856e-05;

BatchNorm;N:32_C:64_H:112_W:112_;PARALLEL;5;1000;5.89527;0.00589487;0.00173575;

BatchNorm;N:32_C:256_H:112_W:112_;PARALLEL;5;200;5.02972;0.0251483;0.00298655;

BatchNorm;N:32_C:256_H:56_W:56_;PARALLEL;5;1000;5.42197;0.00542162;0.00138766;

BatchNorm;N:32_C:2048_H:7_W:7_;PARALLEL;5;2000;1.64974;0.000824816;3.71935e-05;


