Name;Descriptor;Mode;Warmup;Iterations;Duration;Mean;StdDev;
BatchNorm;N:32_C:1_H:224_W:224_;PARALLEL;5;4000;1.39489;0.000348682;6.62753e-05;

BatchNorm;N:32_C:64_H:112_W:112_;PARALLEL;5;1000;6.07818;0.00607796;0.00205768;

BatchNorm;N:32_C:256_H:112_W:112_;PARALLEL;5;200;4.60892;0.0230443;0.000657085;

BatchNorm;N:32_C:256_H:56_W:56_;PARALLEL;5;1000;5.66911;0.00566879;0.00179893;

BatchNorm;N:32_C:2048_H:7_W:7_;PARALLEL;5;2000;1.80265;0.000901272;6.08696e-05;


