Name;Descriptor;Mode;Warmup;Iterations;Duration;Mean;StdDev;
BatchNorm;N:32_C:1_H:224_W:224_;PARALLEL;5;4000;0.922646;0.000230625;4.07712e-05;

BatchNorm;N:32_C:64_H:112_W:112_;PARALLEL;5;1000;5.10561;0.00510521;0.00164113;

BatchNorm;N:32_C:256_H:112_W:112_;PARALLEL;5;200;4.4257;0.0221282;0.00562359;

BatchNorm;N:32_C:256_H:56_W:56_;PARALLEL;5;1000;4.58764;0.0045873;0.000844064;

BatchNorm;N:32_C:2048_H:7_W:7_;PARALLEL;5;2000;1.57858;0.000789196;4.64363e-05;


