Name;Descriptor;Mode;Warmup;Iterations;Duration;Mean;StdDev;
BatchNorm;N:32_C:1_H:224_W:224_;PARALLEL;5;4000;0.899571;0.000224739;3.65915e-05;

BatchNorm;N:32_C:64_H:112_W:112_;PARALLEL;5;1000;5.75935;0.00575896;0.00115638;

BatchNorm;N:32_C:256_H:112_W:112_;PARALLEL;5;200;4.44891;0.0222443;0.00251596;

BatchNorm;N:32_C:256_H:56_W:56_;PARALLEL;5;1000;4.81618;0.00481582;0.000974518;

BatchNorm;N:32_C:2048_H:7_W:7_;PARALLEL;5;2000;1.66306;0.000831495;3.61937e-05;


