Name;Descriptor;Mode;Warmup;Iterations;Duration;Mean;StdDev;
BatchNorm;N:32_C:1_H:224_W:224_;PARALLEL;5;4000;1.01121;0.000252633;0.000134643;

BatchNorm;N:32_C:64_H:112_W:112_;PARALLEL;5;1000;4.40537;0.00440508;0.00124105;

BatchNorm;N:32_C:256_H:112_W:112_;PARALLEL;5;200;4.82943;0.0241469;0.0023788;

BatchNorm;N:32_C:256_H:56_W:56_;PARALLEL;5;1000;3.91424;0.00391397;0.00088823;

BatchNorm;N:32_C:2048_H:7_W:7_;PARALLEL;5;2000;1.45048;0.000725146;0.000178287;


