Name;Descriptor;Mode;Warmup;Iterations;Duration;Mean;StdDev;
BatchNorm;N:32_C:1_H:224_W:224_;PARALLEL;5;4000;3.67374;0.000918376;0.00016337;

BatchNorm;N:32_C:64_H:112_W:112_;PARALLEL;5;1000;15.9621;0.0159619;0.00167393;

BatchNorm;N:32_C:256_H:112_W:112_;PARALLEL;5;200;13.7901;0.0689504;0.000160031;

BatchNorm;N:32_C:256_H:56_W:56_;PARALLEL;5;1000;17.3485;0.0173482;0.00223676;

BatchNorm;N:32_C:2048_H:7_W:7_;PARALLEL;5;2000;6.46375;0.00323181;0.000133291;


