Name;Descriptor;Mode;Warmup;Iterations;Duration;Mean;StdDev;
BatchNorm;N:32_C:1_H:224_W:224_;PARALLEL;5;4000;1.43416;0.000358499;4.38722e-05;

BatchNorm;N:32_C:64_H:112_W:112_;PARALLEL;5;1000;5.86792;0.00586753;0.00175146;

BatchNorm;N:32_C:256_H:112_W:112_;PARALLEL;5;200;4.78679;0.0239336;0.00205569;

BatchNorm;N:32_C:256_H:56_W:56_;PARALLEL;5;1000;4.99056;0.00499022;0.00113463;

BatchNorm;N:32_C:2048_H:7_W:7_;PARALLEL;5;2000;1.60404;0.000801972;5.02337e-05;


