Name;Descriptor;Mode;Warmup;Iterations;Duration;Mean;StdDev;
BatchNorm;N:32_C:1_H:224_W:224_;PARALLEL;5;4000;1.00432;0.000251021;1.77051e-05;

BatchNorm;N:32_C:64_H:112_W:112_;PARALLEL;5;1000;4.25206;0.00425183;0.00133826;

BatchNorm;N:32_C:256_H:112_W:112_;PARALLEL;5;200;4.62604;0.0231298;0.00326943;

BatchNorm;N:32_C:256_H:56_W:56_;PARALLEL;5;1000;3.70308;0.00370289;1.53118e-05;

BatchNorm;N:32_C:2048_H:7_W:7_;PARALLEL;5;2000;1.4212;0.000710554;0.000182358;


