Name;Descriptor;Mode;Warmup;Iterations;Duration;Mean;StdDev;
BatchNorm;N:32_C:1_H:224_W:224_;PARALLEL;5;4000;1.00421;0.000250864;1.7355e-05;

BatchNorm;N:32_C:64_H:112_W:112_;PARALLEL;5;1000;4.28295;0.00428266;0.00125397;

BatchNorm;N:32_C:256_H:112_W:112_;PARALLEL;5;200;5.01415;0.0250704;0.00180579;

BatchNorm;N:32_C:256_H:56_W:56_;PARALLEL;5;1000;3.95547;0.00395515;0.0009522;

BatchNorm;N:32_C:2048_H:7_W:7_;PARALLEL;5;2000;1.41397;0.000706945;4.19268e-05;


