Name;Descriptor;Mode;Warmup;Iterations;Duration;Mean;StdDev;
BatchNorm;N:32_C:1_H:224_W:224_;PARALLEL;5;4000;1.44212;0.000360485;5.79358e-05;

BatchNorm;N:32_C:64_H:112_W:112_;PARALLEL;5;1000;5.64758;0.00564728;0.00148423;

BatchNorm;N:32_C:256_H:112_W:112_;PARALLEL;5;200;4.87352;0.0243673;0.00246508;

BatchNorm;N:32_C:256_H:56_W:56_;PARALLEL;5;1000;5.14392;0.00514362;0.001006;

BatchNorm;N:32_C:2048_H:7_W:7_;PARALLEL;5;2000;1.52969;0.000764794;0.000132876;


