Name;Descriptor;Mode;Warmup;Iterations;Duration;Mean;StdDev;
BatchNorm;N:32_C:1_H:224_W:224_;PARALLEL;5;4000;0.955981;0.000238831;3.87526e-05;

BatchNorm;N:32_C:64_H:112_W:112_;PARALLEL;5;1000;4.59758;0.00459717;0.00140369;

BatchNorm;N:32_C:256_H:112_W:112_;PARALLEL;5;200;4.83653;0.0241822;0.00291144;

BatchNorm;N:32_C:256_H:56_W:56_;PARALLEL;5;1000;4.02014;0.00401979;0.000889038;

BatchNorm;N:32_C:2048_H:7_W:7_;PARALLEL;5;2000;1.48794;0.000743881;3.16971e-05;


