Name;Descriptor;Mode;Warmup;Iterations;Duration;Mean;StdDev;
BatchNorm;N:32_C:1_H:224_W:224_;PARALLEL;5;4000;1.37875;0.000344644;5.79708e-05;

BatchNorm;N:32_C:64_H:112_W:112_;PARALLEL;5;1000;6.16493;0.0061645;0.00118948;

BatchNorm;N:32_C:256_H:112_W:112_;PARALLEL;5;200;4.83643;0.0241818;0.0038751;

BatchNorm;N:32_C:256_H:56_W:56_;PARALLEL;5;1000;5.4458;0.00544545;0.000786659;

BatchNorm;N:32_C:2048_H:7_W:7_;PARALLEL;5;2000;1.65582;0.000827862;6.97516e-05;


