Name;Descriptor;Mode;Warmup;Iterations;Duration;Mean;StdDev;
BatchNorm;N:32_C:1_H:224_W:224_;PARALLEL;5;4000;1.05135;0.00026253;2.21866e-05;

BatchNorm;N:32_C:64_H:112_W:112_;PARALLEL;5;1000;4.12593;0.00412551;0.00116633;

BatchNorm;N:32_C:256_H:112_W:112_;PARALLEL;5;200;4.9371;0.024685;0.00193062;

BatchNorm;N:32_C:256_H:56_W:56_;PARALLEL;5;1000;3.94149;0.00394116;0.00112211;

BatchNorm;N:32_C:2048_H:7_W:7_;PARALLEL;5;2000;1.42143;0.000710611;0.000171453;


