Name;Descriptor;Mode;Warmup;Iterations;Duration;Mean;StdDev;
RunParallel_opt;5;500;13.7091;0.0274182;0.0003512;
Serial;5;500;1.82626;0.00365228;6.18462e-05;

RunParallel_opt;5;50;20.0932;0.401863;0.000114916;
Serial;5;50;3.34082;0.066816;0.00011184;

RunParallel_opt;5;20;32.0117;1.60059;0.000453177;
Serial;5;20;5.37253;0.268626;0.000415422;

RunParallel_opt;5;50;20.6668;0.413335;0.00124462;
Serial;5;50;3.4678;0.0693558;0.000126073;


