Name;Descriptor;Mode;Warmup;Iterations;Duration;Mean;StdDev;
BatchNorm;N:32_C:1_H:224_W:224_;PARALLEL;5;4000;1.39277;0.000348166;4.89392e-05;

BatchNorm;N:32_C:64_H:112_W:112_;PARALLEL;5;1000;8.51461;0.00851439;5.00676e-05;

BatchNorm;N:32_C:256_H:112_W:112_;PARALLEL;5;200;7.03954;0.0351975;5.22326e-05;

BatchNorm;N:32_C:256_H:56_W:56_;PARALLEL;5;1000;8.82414;0.00882391;3.78712e-05;

BatchNorm;N:32_C:2048_H:7_W:7_;PARALLEL;5;2000;2.01873;0.00100926;2.19904e-05;


