Name;Descriptor;Mode;Warmup;Iterations;Duration;Mean;StdDev;
BatchNorm;N:32_C:1_H:224_W:224_;PARALLEL;5;4000;2.3195;0.000579837;3.70369e-05;

BatchNorm;N:32_C:64_H:112_W:112_;PARALLEL;5;1000;12.1014;0.0121012;3.98669e-05;

BatchNorm;N:32_C:256_H:112_W:112_;PARALLEL;5;200;9.95828;0.0497912;0.000149469;

BatchNorm;N:32_C:256_H:56_W:56_;PARALLEL;5;1000;12.6511;0.0126509;3.20964e-05;

BatchNorm;N:32_C:2048_H:7_W:7_;PARALLEL;5;2000;3.8096;0.00190467;1.36003e-05;


