Name;Descriptor;Mode;Warmup;Iterations;Duration;Mean;StdDev;
BatchNorm;N:32_C:1_H:224_W:224_;PARALLEL;5;4000;2.80356;0.000700853;7.16973e-05;

BatchNorm;N:32_C:64_H:112_W:112_;PARALLEL;5;1000;13.4867;0.0134865;4.95214e-05;

BatchNorm;N:32_C:256_H:112_W:112_;PARALLEL;5;200;11.0024;0.0550119;0.000248263;

BatchNorm;N:32_C:256_H:56_W:56_;PARALLEL;5;1000;14.0961;0.014096;3.42953e-05;

BatchNorm;N:32_C:2048_H:7_W:7_;PARALLEL;5;2000;4.41641;0.00220805;1.4501e-05;


