Name;Descriptor;Mode;Warmup;Iterations;Duration;Mean;StdDev;
BatchNorm;N:32_C:1_H:224_W:224_;PARALLEL;5;4000;6.90466;0.0017261;5.1607e-05;

BatchNorm;N:32_C:64_H:112_W:112_;PARALLEL;5;1000;33.638;0.0336379;8.97854e-05;

BatchNorm;N:32_C:256_H:112_W:112_;PARALLEL;5;200;27.1968;0.135984;0.000261832;

BatchNorm;N:32_C:256_H:56_W:56_;PARALLEL;5;1000;34.7704;0.0347703;0.000178616;

BatchNorm;N:32_C:2048_H:7_W:7_;PARALLEL;5;2000;12.5026;0.00625113;5.44208e-05;


