Name;Descriptor;Mode;Warmup;Iterations;Duration;Mean;StdDev;
BatchNorm;N:32_C:1_H:224_W:224_;PARALLEL;5;4000;1.84342;0.000460787;5.04852e-05;

BatchNorm;N:32_C:64_H:112_W:112_;PARALLEL;5;1000;10.3145;0.0103142;3.31618e-05;

BatchNorm;N:32_C:256_H:112_W:112_;PARALLEL;5;200;8.50712;0.0425354;0.000177562;

BatchNorm;N:32_C:256_H:56_W:56_;PARALLEL;5;1000;10.759;0.0107587;2.46739e-05;

BatchNorm;N:32_C:2048_H:7_W:7_;PARALLEL;5;2000;2.91896;0.00145938;1.80222e-05;


