Name;Descriptor;Mode;Warmup;Iterations;Duration;Mean;StdDev;
BatchNorm;N:32_C:1_H:224_W:224_;PARALLEL;5;4000;1.03801;0.000259455;4.02384e-05;

BatchNorm;N:32_C:64_H:112_W:112_;PARALLEL;5;1000;8.3479;0.00834768;0.000251685;

BatchNorm;N:32_C:256_H:112_W:112_;PARALLEL;5;200;6.90756;0.0345376;3.86358e-05;

BatchNorm;N:32_C:256_H:56_W:56_;PARALLEL;5;1000;8.76109;0.00876084;1.15228e-05;

BatchNorm;N:32_C:2048_H:7_W:7_;PARALLEL;5;2000;2.34746;0.00117361;5.9764e-06;


