Name;Descriptor;Mode;Warmup;Iterations;Duration;Mean;StdDev;
BatchNorm;N:32_C:1_H:224_W:224_;PARALLEL;5;4000;3.70437;0.000926058;6.41078e-05;

BatchNorm;N:32_C:64_H:112_W:112_;PARALLEL;5;1000;18.39;0.0183899;4.29502e-05;

BatchNorm;N:32_C:256_H:112_W:112_;PARALLEL;5;200;14.9671;0.0748356;0.000118558;

BatchNorm;N:32_C:256_H:56_W:56_;PARALLEL;5;1000;19.1322;0.019132;5.77065e-05;

BatchNorm;N:32_C:2048_H:7_W:7_;PARALLEL;5;2000;6.81443;0.00340698;2.63297e-05;


