Name;Descriptor;Mode;Warmup;Iterations;Duration;Mean;StdDev;
BatchNorm;N:32_C:1_H:224_W:224_;PARALLEL;5;4000;0.994085;0.0002485;3.81122e-05;

BatchNorm;N:32_C:64_H:112_W:112_;PARALLEL;5;1000;7.57122;0.00757103;1.33895e-05;

BatchNorm;N:32_C:256_H:112_W:112_;PARALLEL;5;200;6.33105;0.0316551;2.54666e-05;

BatchNorm;N:32_C:256_H:56_W:56_;PARALLEL;5;1000;8.00847;0.00800826;2.67104e-05;

BatchNorm;N:32_C:2048_H:7_W:7_;PARALLEL;5;2000;2.0284;0.00101414;6.49047e-06;


