Name;Descriptor;Mode;Warmup;Iterations;Duration;Mean;StdDev;
BatchNorm;N:32_C:1_H:224_W:224_;PARALLEL;5;4000;1.37106;0.000342722;4.6762e-05;

BatchNorm;N:32_C:64_H:112_W:112_;PARALLEL;5;1000;8.28921;0.00828903;1.82449e-05;

BatchNorm;N:32_C:256_H:112_W:112_;PARALLEL;5;200;6.93368;0.0346682;3.91945e-05;

BatchNorm;N:32_C:256_H:56_W:56_;PARALLEL;5;1000;8.59602;0.00859582;5.00315e-05;

BatchNorm;N:32_C:2048_H:7_W:7_;PARALLEL;5;2000;1.87688;0.000938326;1.6574e-05;


