Name;Descriptor;Mode;Warmup;Iterations;Duration;Mean;StdDev;
BatchNorm;N:32_C:1_H:224_W:224_;PARALLEL;5;4000;1.00003;0.000249972;3.80879e-05;

BatchNorm;N:32_C:64_H:112_W:112_;PARALLEL;5;1000;7.75244;0.00775225;1.0699e-05;

BatchNorm;N:32_C:256_H:112_W:112_;PARALLEL;5;200;6.56382;0.0328189;2.65862e-05;

BatchNorm;N:32_C:256_H:56_W:56_;PARALLEL;5;1000;8.18666;0.00818647;9.67984e-06;

BatchNorm;N:32_C:2048_H:7_W:7_;PARALLEL;5;2000;2.09065;0.0010452;5.8553e-06;


