Name;Descriptor;Mode;Warmup;Iterations;Duration;Mean;StdDev;
BatchNorm;N:32_C:1_H:224_W:224_;PARALLEL;5;4000;0.997421;0.000249308;3.54076e-05;

BatchNorm;N:32_C:64_H:112_W:112_;PARALLEL;5;1000;7.14872;0.00714858;1.1524e-05;

BatchNorm;N:32_C:256_H:112_W:112_;PARALLEL;5;200;6.04382;0.0302189;3.6524e-05;

BatchNorm;N:32_C:256_H:56_W:56_;PARALLEL;5;1000;7.65335;0.00765318;1.12635e-05;

BatchNorm;N:32_C:2048_H:7_W:7_;PARALLEL;5;2000;1.59844;0.000799081;6.10471e-06;


