Name;Descriptor;Mode;Warmup;Iterations;Duration;Mean;StdDev;
BatchNorm;N:32_C:1_H:224_W:224_;PARALLEL;5;4000;0.999249;0.000249759;6.78455e-05;

BatchNorm;N:32_C:64_H:112_W:112_;PARALLEL;5;1000;7.16853;0.00716835;2.14042e-05;

BatchNorm;N:32_C:256_H:112_W:112_;PARALLEL;5;200;6.05044;0.0302519;3.27578e-05;

BatchNorm;N:32_C:256_H:56_W:56_;PARALLEL;5;1000;7.70514;0.00770496;3.11448e-05;

BatchNorm;N:32_C:2048_H:7_W:7_;PARALLEL;5;2000;1.54392;0.000771853;0.000181835;


