Name;Descriptor;Mode;Warmup;Iterations;Duration;Mean;StdDev;
BatchNorm;N:32_C:1_H:224_W:224_;PARALLEL;5;4000;1.37814;0.000344493;4.49586e-05;

BatchNorm;N:32_C:64_H:112_W:112_;PARALLEL;5;1000;9.18986;0.00918961;6.52293e-05;

BatchNorm;N:32_C:256_H:112_W:112_;PARALLEL;5;200;7.60535;0.0380265;7.54877e-05;

BatchNorm;N:32_C:256_H:56_W:56_;PARALLEL;5;1000;9.52497;0.00952473;3.47951e-05;

BatchNorm;N:32_C:2048_H:7_W:7_;PARALLEL;5;2000;2.37197;0.00118586;1.86141e-05;


