Name;Descriptor;Mode;Warmup;Iterations;Duration;Mean;StdDev;
BatchNorm;N:32_C:1_H:224_W:224_;PARALLEL;5;4000;1.871;0.000467692;6.20729e-05;

BatchNorm;N:32_C:64_H:112_W:112_;PARALLEL;5;1000;11.059;0.0110587;3.85428e-05;

BatchNorm;N:32_C:256_H:112_W:112_;PARALLEL;5;200;9.09848;0.0454922;0.000189273;

BatchNorm;N:32_C:256_H:56_W:56_;PARALLEL;5;1000;11.5242;0.011524;5.71828e-05;

BatchNorm;N:32_C:2048_H:7_W:7_;PARALLEL;5;2000;3.34209;0.00167087;1.60289e-05;


