Name;Descriptor;Mode;Warmup;Iterations;Duration;Mean;StdDev;
BatchNorm;N:32_C:1_H:224_W:224_;PARALLEL;5;4000;2.37966;0.000594748;0.000595698;

BatchNorm;N:32_C:64_H:112_W:112_;PARALLEL;5;1000;4.41728;0.00441695;0.00131693;

BatchNorm;N:32_C:256_H:112_W:112_;PARALLEL;5;200;4.85691;0.0242844;0.00302414;

BatchNorm;N:32_C:256_H:56_W:56_;PARALLEL;5;1000;3.80211;0.00380192;0.000878702;

BatchNorm;N:32_C:2048_H:7_W:7_;PARALLEL;5;2000;1.96664;0.000983169;6.90465e-06;


