Name;Descriptor;Mode;Warmup;Iterations;Duration;Mean;StdDev;
BatchNorm;N:32_C:1_H:224_W:224_;PARALLEL;5;4000;1.40413;0.00035088;0.000125647;

BatchNorm;N:32_C:64_H:112_W:112_;PARALLEL;5;1000;6.10706;0.00610681;0.00144645;

BatchNorm;N:32_C:256_H:112_W:112_;PARALLEL;5;200;5.3531;0.0267653;0.00696055;

BatchNorm;N:32_C:256_H:56_W:56_;PARALLEL;5;1000;6.55992;0.00655969;0.000979676;

BatchNorm;N:32_C:2048_H:7_W:7_;PARALLEL;5;2000;1.77806;0.000888761;6.68889e-06;


