Name;Descriptor;Mode;Warmup;Iterations;Duration;Mean;StdDev;
BatchNorm;N:32_C:1_H:224_W:224_;PARALLEL;5;4000;2.53413;0.000633333;0.000667156;

BatchNorm;N:32_C:64_H:112_W:112_;PARALLEL;5;1000;4.26833;0.00426799;0.00128555;

BatchNorm;N:32_C:256_H:112_W:112_;PARALLEL;5;200;3.43864;0.017193;0.00202257;

BatchNorm;N:32_C:256_H:56_W:56_;PARALLEL;5;1000;4.53836;0.00453818;0.00117221;

BatchNorm;N:32_C:2048_H:7_W:7_;PARALLEL;5;2000;1.11491;0.000557348;3.00959e-05;


