Name;Descriptor;Mode;Warmup;Iterations;Duration;Mean;StdDev;
BatchNorm;N:32_C:1_H:224_W:224_;PARALLEL;5;4000;1.49636;0.000374;0.000140004;

BatchNorm;N:32_C:64_H:112_W:112_;PARALLEL;5;1000;6.10288;0.00610255;0.0015383;

BatchNorm;N:32_C:256_H:112_W:112_;PARALLEL;5;200;4.57179;0.0228587;0.00360436;

BatchNorm;N:32_C:256_H:56_W:56_;PARALLEL;5;1000;5.23705;0.00523676;0.00116396;

BatchNorm;N:32_C:2048_H:7_W:7_;PARALLEL;5;2000;1.34754;0.000673633;5.09926e-06;


