Name;Descriptor;Mode;Warmup;Iterations;Duration;Mean;StdDev;
BatchNorm;N:32_C:1_H:224_W:224_;PARALLEL;5;4000;1.67117;0.000417583;0.000353879;

BatchNorm;N:32_C:64_H:112_W:112_;PARALLEL;5;1000;4.72978;0.00472954;0.00128274;

BatchNorm;N:32_C:256_H:112_W:112_;PARALLEL;5;200;4.20569;0.0210282;0.00330991;

BatchNorm;N:32_C:256_H:56_W:56_;PARALLEL;5;1000;4.23107;0.00423088;0.00148474;

BatchNorm;N:32_C:2048_H:7_W:7_;PARALLEL;5;2000;1.25711;0.000628404;4.26376e-05;


