Name;Descriptor;Mode;Warmup;Iterations;Duration;Mean;StdDev;
BatchNorm;N:32_C:1_H:224_W:224_;PARALLEL;5;4000;1.90588;0.000476284;0.000169038;

BatchNorm;N:32_C:64_H:112_W:112_;PARALLEL;5;1000;7.48811;0.0074879;0.000812961;

BatchNorm;N:32_C:256_H:112_W:112_;PARALLEL;5;200;5.96589;0.0298292;0.000642547;

BatchNorm;N:32_C:256_H:56_W:56_;PARALLEL;5;1000;7.11639;0.00711617;0.00126075;

BatchNorm;N:32_C:2048_H:7_W:7_;PARALLEL;5;2000;1.99751;0.000998562;0.00013026;


