Name;Descriptor;Mode;Warmup;Iterations;Duration;Mean;StdDev;
BatchNorm;N:32_C:1_H:224_W:224_;PARALLEL;5;4000;1.50956;0.000377261;0.000143405;

BatchNorm;N:32_C:64_H:112_W:112_;PARALLEL;5;1000;6.10344;0.00610314;0.00163796;

BatchNorm;N:32_C:256_H:112_W:112_;PARALLEL;5;200;4.73096;0.0236546;0.00514039;

BatchNorm;N:32_C:256_H:56_W:56_;PARALLEL;5;1000;5.88073;0.00588054;3.19937e-05;

BatchNorm;N:32_C:2048_H:7_W:7_;PARALLEL;5;2000;1.50456;0.000752121;0.000142022;


