Name;Descriptor;Mode;Warmup;Iterations;Duration;Mean;StdDev;
BatchNorm;N:32_C:1_H:224_W:224_;PARALLEL;5;4000;2.42948;0.000607175;0.000640633;

BatchNorm;N:32_C:64_H:112_W:112_;PARALLEL;5;1000;4.36918;0.00436892;0.00107412;

BatchNorm;N:32_C:256_H:112_W:112_;PARALLEL;5;200;4.35829;0.0217912;0.00582633;

BatchNorm;N:32_C:256_H:56_W:56_;PARALLEL;5;1000;4.28591;0.00428573;0.0013344;

BatchNorm;N:32_C:2048_H:7_W:7_;PARALLEL;5;2000;1.1603;0.000580019;2.35312e-05;


