Name;Descriptor;Mode;Warmup;Iterations;Duration;Mean;StdDev;
BatchNorm;N:32_C:1_H:224_W:224_;PARALLEL;5;4000;2.7874;0.00069668;0.000610001;

BatchNorm;N:32_C:64_H:112_W:112_;PARALLEL;5;1000;4.60838;0.00460797;0.00154938;

BatchNorm;N:32_C:256_H:112_W:112_;PARALLEL;5;200;4.87382;0.0243689;0.00228345;

BatchNorm;N:32_C:256_H:56_W:56_;PARALLEL;5;1000;3.89887;0.00389868;0.00116117;

BatchNorm;N:32_C:2048_H:7_W:7_;PARALLEL;5;2000;1.13741;0.000568596;8.19964e-06;


