Name;Descriptor;Mode;Warmup;Iterations;Duration;Mean;StdDev;
BatchNorm;N:32_C:1_H:224_W:224_;PARALLEL;5;4000;1.39086;0.000347642;0.000258161;

BatchNorm;N:32_C:64_H:112_W:112_;PARALLEL;5;1000;6.1051;0.00610486;0.00126813;

BatchNorm;N:32_C:256_H:112_W:112_;PARALLEL;5;200;4.90751;0.0245373;0.00558827;

BatchNorm;N:32_C:256_H:56_W:56_;PARALLEL;5;1000;5.30687;0.00530669;0.00138845;

BatchNorm;N:32_C:2048_H:7_W:7_;PARALLEL;5;2000;1.50853;0.000754061;4.60064e-06;


