Name;Descriptor;Mode;Warmup;Iterations;Duration;Mean;StdDev;
BatchNorm;N:32_C:1_H:224_W:224_;PARALLEL;5;4000;1.88738;0.000471694;0.0001761;

BatchNorm;N:32_C:64_H:112_W:112_;PARALLEL;5;1000;7.28584;0.00728556;0.00191095;

BatchNorm;N:32_C:256_H:112_W:112_;PARALLEL;5;200;6.4999;0.0324992;0.00060247;

BatchNorm;N:32_C:256_H:56_W:56_;PARALLEL;5;1000;7.55414;0.00755384;0.00130977;

BatchNorm;N:32_C:2048_H:7_W:7_;PARALLEL;5;2000;2.26319;0.00113144;1.08277e-05;


