Name;Descriptor;Mode;Warmup;Iterations;Duration;Mean;StdDev;
BatchNorm;N:32_C:1_H:224_W:224_;PARALLEL;5;4000;1.07473;0.000268514;0.000176794;

BatchNorm;N:32_C:64_H:112_W:112_;PARALLEL;5;1000;5.86845;0.00586817;0.00158183;

BatchNorm;N:32_C:256_H:112_W:112_;PARALLEL;5;200;5.27016;0.0263507;0.00312225;

BatchNorm;N:32_C:256_H:56_W:56_;PARALLEL;5;1000;5.17113;0.00517089;0.00189115;

BatchNorm;N:32_C:2048_H:7_W:7_;PARALLEL;5;2000;1.55049;0.000775113;6.23053e-06;


