Name;Descriptor;Mode;Warmup;Iterations;Duration;Mean;StdDev;
BatchNorm;N:32_C:1_H:224_W:224_;PARALLEL;5;4000;7.1455;0.00178628;0.000783377;

BatchNorm;N:32_C:64_H:112_W:112_;PARALLEL;5;1000;10.2132;0.0102129;0.00158756;

BatchNorm;N:32_C:256_H:112_W:112_;PARALLEL;5;200;7.51287;0.0375641;0.00401639;

BatchNorm;N:32_C:256_H:56_W:56_;PARALLEL;5;1000;10.4862;0.0104859;0.00166006;

BatchNorm;N:32_C:2048_H:7_W:7_;PARALLEL;5;2000;5.08157;0.00254067;0.000323635;


