Name;Descriptor;Mode;Warmup;Iterations;Duration;Mean;StdDev;
BatchNorm;N:32_C:1_H:224_W:224_;PARALLEL;5;4000;1.39623;0.000348918;0.000117376;

BatchNorm;N:32_C:64_H:112_W:112_;PARALLEL;5;1000;6.39714;0.00639691;0.00167387;

BatchNorm;N:32_C:256_H:112_W:112_;PARALLEL;5;200;5.58499;0.0279248;0.00267192;

BatchNorm;N:32_C:256_H:56_W:56_;PARALLEL;5;1000;8.13362;0.00813348;0.00118494;

BatchNorm;N:32_C:2048_H:7_W:7_;PARALLEL;5;2000;1.87386;0.00093669;0.00012733;


