Name;Descriptor;Mode;Warmup;Iterations;Duration;Mean;StdDev;
BatchNorm;N:32_C:1_H:224_W:224_;PARALLEL;5;4000;0.898062;0.000224312;0.000113581;

BatchNorm;N:32_C:64_H:112_W:112_;PARALLEL;5;1000;5.81115;0.00581092;0.00151727;

BatchNorm;N:32_C:256_H:112_W:112_;PARALLEL;5;200;4.43157;0.0221576;0.00388102;

BatchNorm;N:32_C:256_H:56_W:56_;PARALLEL;5;1000;5.02375;0.0050235;0.00148104;

BatchNorm;N:32_C:2048_H:7_W:7_;PARALLEL;5;2000;1.1905;0.000595021;9.21304e-05;


