Name;Descriptor;Mode;Warmup;Iterations;Duration;Mean;StdDev;
BatchNorm;N:32_C:1_H:224_W:224_;PARALLEL;5;4000;1.48467;0.000371025;0.000112269;

BatchNorm;N:32_C:64_H:112_W:112_;PARALLEL;5;1000;5.6578;0.00565755;0.00154993;

BatchNorm;N:32_C:256_H:112_W:112_;PARALLEL;5;200;4.99675;0.0249835;0.00625942;

BatchNorm;N:32_C:256_H:56_W:56_;PARALLEL;5;1000;5.48431;0.00548403;0.00166646;

BatchNorm;N:32_C:2048_H:7_W:7_;PARALLEL;5;2000;1.19433;0.000596942;3.54529e-06;


