Name;Descriptor;Mode;Warmup;Iterations;Duration;Mean;StdDev;
BatchNorm;N:32_C:1_H:224_W:224_;PARALLEL;5;4000;3.81121;0.000952649;0.000148492;

BatchNorm;N:32_C:64_H:112_W:112_;PARALLEL;5;1000;15.7869;0.0157866;0.00193452;

BatchNorm;N:32_C:256_H:112_W:112_;PARALLEL;5;200;13.6564;0.0682819;0.00125286;

BatchNorm;N:32_C:256_H:56_W:56_;PARALLEL;5;1000;16.734;0.0167337;0.0019742;

BatchNorm;N:32_C:2048_H:7_W:7_;PARALLEL;5;2000;5.99116;0.00299544;1.5201e-05;


