Name;Descriptor;Mode;Warmup;Iterations;Duration;Mean;StdDev;
BatchNorm;N:32_C:1_H:224_W:224_;PARALLEL;5;4000;1.4629;0.000365571;0.00013374;

BatchNorm;N:32_C:64_H:112_W:112_;PARALLEL;5;1000;5.94961;0.00594932;0.00162783;

BatchNorm;N:32_C:256_H:112_W:112_;PARALLEL;5;200;5.39131;0.0269563;0.000120648;

BatchNorm;N:32_C:256_H:56_W:56_;PARALLEL;5;1000;6.1441;0.0061439;0.000965044;

BatchNorm;N:32_C:2048_H:7_W:7_;PARALLEL;5;2000;1.71888;0.000859307;7.43355e-06;


