Name;Descriptor;Mode;Warmup;Iterations;Duration;Mean;StdDev;
BatchNorm;N:32_C:1_H:224_W:224_;PARALLEL;5;4000;1.69776;0.00042431;0.000430262;

BatchNorm;N:32_C:64_H:112_W:112_;PARALLEL;5;1000;4.93748;0.00493728;0.00111163;

BatchNorm;N:32_C:256_H:112_W:112_;PARALLEL;5;200;4.97765;0.024888;0.00244909;

BatchNorm;N:32_C:256_H:56_W:56_;PARALLEL;5;1000;4.72517;0.00472497;0.00104148;

BatchNorm;N:32_C:2048_H:7_W:7_;PARALLEL;5;2000;1.34165;0.00067072;0.000144189;


