Name;Descriptor;Mode;Warmup;Iterations;Duration;Mean;StdDev;
BatchNorm;N:32_C:1_H:224_W:224_;PARALLEL;5;4000;1.78107;0.00044506;0.000353051;

BatchNorm;N:32_C:64_H:112_W:112_;PARALLEL;5;1000;4.94795;0.00494768;0.00111743;

BatchNorm;N:32_C:256_H:112_W:112_;PARALLEL;5;200;4.80344;0.024017;0.00275804;

BatchNorm;N:32_C:256_H:56_W:56_;PARALLEL;5;1000;4.37622;0.00437604;0.00128577;

BatchNorm;N:32_C:2048_H:7_W:7_;PARALLEL;5;2000;1.32818;0.000663885;8.64498e-06;


