Name;Descriptor;Mode;Warmup;Iterations;Duration;Mean;StdDev;
BatchNorm;N:32_C:1_H:224_W:224_;PARALLEL;5;4000;1.9365;0.00048399;0.000520373;

BatchNorm;N:32_C:64_H:112_W:112_;PARALLEL;5;1000;4.65386;0.0046536;0.00126481;

BatchNorm;N:32_C:256_H:112_W:112_;PARALLEL;5;200;4.91433;0.0245714;0.00137079;

BatchNorm;N:32_C:256_H:56_W:56_;PARALLEL;5;1000;4.13609;0.00413591;0.00138831;

BatchNorm;N:32_C:2048_H:7_W:7_;PARALLEL;5;2000;1.2327;0.000616227;2.08545e-05;


