Name;Descriptor;Mode;Warmup;Iterations;Duration;Mean;StdDev;
BatchNorm;N:32_C:1_H:224_W:224_;PARALLEL;5;4000;1.49304;0.000373111;0.000109039;

BatchNorm;N:32_C:64_H:112_W:112_;PARALLEL;5;1000;5.82645;0.0058262;0.00190764;

BatchNorm;N:32_C:256_H:112_W:112_;PARALLEL;5;200;5.04069;0.0252033;0.000665393;

BatchNorm;N:32_C:256_H:56_W:56_;PARALLEL;5;1000;5.29781;0.00529765;0.00110415;

BatchNorm;N:32_C:2048_H:7_W:7_;PARALLEL;5;2000;1.44442;0.000722092;0.000211614;


