Name;Descriptor;Mode;Warmup;Iterations;Duration;Mean;StdDev;
BatchNorm;N:32_C:1_H:224_W:224_;PARALLEL;5;4000;1.51221;0.000377923;0.000166637;

BatchNorm;N:32_C:64_H:112_W:112_;PARALLEL;5;1000;5.48304;0.00548276;0.00149272;

BatchNorm;N:32_C:256_H:112_W:112_;PARALLEL;5;200;4.44418;0.0222207;0.00167003;

BatchNorm;N:32_C:256_H:56_W:56_;PARALLEL;5;1000;4.82701;0.00482676;0.00142655;

BatchNorm;N:32_C:2048_H:7_W:7_;PARALLEL;5;2000;1.27818;0.000638994;0.000140927;


