Name;Descriptor;Mode;Warmup;Iterations;Duration;Mean;StdDev;
BatchNorm;N:32_C:1_H:224_W:224_;PARALLEL;5;4000;1.76571;0.000441231;0.000383384;

BatchNorm;N:32_C:64_H:112_W:112_;PARALLEL;5;1000;4.96185;0.00496152;0.00123122;

BatchNorm;N:32_C:256_H:112_W:112_;PARALLEL;5;200;4.54721;0.0227358;0.00616207;

BatchNorm;N:32_C:256_H:56_W:56_;PARALLEL;5;1000;4.94368;0.00494343;0.00128962;

BatchNorm;N:32_C:2048_H:7_W:7_;PARALLEL;5;2000;1.39413;0.000696828;0.000128346;


