Name;Descriptor;Mode;Warmup;Iterations;Duration;Mean;StdDev;
BatchNorm;N:32_C:1_H:224_W:224_;PARALLEL;5;4000;2.33791;0.000584303;0.000134248;

BatchNorm;N:32_C:64_H:112_W:112_;PARALLEL;5;1000;8.71603;0.00871576;0.00202152;

BatchNorm;N:32_C:256_H:112_W:112_;PARALLEL;5;200;7.88058;0.0394027;0.000681718;

BatchNorm;N:32_C:256_H:56_W:56_;PARALLEL;5;1000;9.10698;0.00910677;0.00112786;

BatchNorm;N:32_C:2048_H:7_W:7_;PARALLEL;5;2000;2.93577;0.00146776;6.26419e-06;


