Name;Descriptor;Mode;Warmup;Iterations;Duration;Mean;StdDev;
BatchNorm;N:32_C:1_H:224_W:224_;PARALLEL;5;4000;1.62953;0.000407151;0.000311276;

BatchNorm;N:32_C:64_H:112_W:112_;PARALLEL;5;1000;5.34385;0.00534352;0.00136334;

BatchNorm;N:32_C:256_H:112_W:112_;PARALLEL;5;200;4.55314;0.0227655;0.0066003;

BatchNorm;N:32_C:256_H:56_W:56_;PARALLEL;5;1000;4.43942;0.00443923;0.000379908;

BatchNorm;N:32_C:2048_H:7_W:7_;PARALLEL;5;2000;1.43294;0.000716251;7.34361e-06;


