Name;Descriptor;Mode;Warmup;Iterations;Duration;Mean;StdDev;
BatchNorm;N:32_C:1_H:224_W:224_;PARALLEL;5;4000;1.53414;0.000383363;0.000251845;

BatchNorm;N:32_C:64_H:112_W:112_;PARALLEL;5;1000;5.44388;0.00544364;0.000998754;

BatchNorm;N:32_C:256_H:112_W:112_;PARALLEL;5;200;4.44868;0.0222432;0.00572911;

BatchNorm;N:32_C:256_H:56_W:56_;PARALLEL;5;1000;5.0298;0.00502958;0.00117182;

BatchNorm;N:32_C:2048_H:7_W:7_;PARALLEL;5;2000;1.43973;0.000719717;7.23034e-06;


