Name;Descriptor;Mode;Warmup;Iterations;Duration;Mean;StdDev;
BatchNorm;N:32_C:1_H:224_W:224_;PARALLEL;5;4000;2.83663;0.000708938;0.000457739;

BatchNorm;N:32_C:64_H:112_W:112_;PARALLEL;5;1000;4.25493;0.00425459;0.00128396;

BatchNorm;N:32_C:256_H:112_W:112_;PARALLEL;5;200;4.86243;0.024312;0.00232579;

BatchNorm;N:32_C:256_H:56_W:56_;PARALLEL;5;1000;3.77996;0.00377977;0.000825582;

BatchNorm;N:32_C:2048_H:7_W:7_;PARALLEL;5;2000;1.12327;0.000561529;0.000154089;


