Name;Descriptor;Mode;Warmup;Iterations;Duration;Mean;StdDev;
BatchNorm;N:32_C:1_H:224_W:224_;PARALLEL;5;4000;3.30741;0.000826692;0.000171848;

BatchNorm;N:32_C:64_H:112_W:112_;PARALLEL;5;1000;13.3858;0.0133855;0.0019631;

BatchNorm;N:32_C:256_H:112_W:112_;PARALLEL;5;200;11.8093;0.0590462;0.000646982;

BatchNorm;N:32_C:256_H:56_W:56_;PARALLEL;5;1000;14.2775;0.0142771;0.00130377;

BatchNorm;N:32_C:2048_H:7_W:7_;PARALLEL;5;2000;4.83404;0.00241695;1.64912e-05;


