Name;Descriptor;Mode;Warmup;Iterations;Duration;Mean;StdDev;
BatchNorm;N:32_C:1_H:224_W:224_;PARALLEL;5;4000;1.79845;0.000449521;0.000457978;

BatchNorm;N:32_C:64_H:112_W:112_;PARALLEL;5;1000;4.29167;0.00429152;0.0012919;

BatchNorm;N:32_C:256_H:112_W:112_;PARALLEL;5;200;4.79522;0.0239759;0.0049735;

BatchNorm;N:32_C:256_H:56_W:56_;PARALLEL;5;1000;4.45596;0.00445582;0.00140879;

BatchNorm;N:32_C:2048_H:7_W:7_;PARALLEL;5;2000;1.2497;0.000624761;1.47449e-05;


