Name;Descriptor;Mode;Warmup;Iterations;Duration;Mean;StdDev;
BatchNorm;N:32_C:1_H:224_W:224_;PARALLEL;5;4000;1.66786;0.000416762;0.000378497;

BatchNorm;N:32_C:64_H:112_W:112_;PARALLEL;5;1000;4.23937;0.00423901;0.00124569;

BatchNorm;N:32_C:256_H:112_W:112_;PARALLEL;5;200;4.92909;0.0246453;0.00338137;

BatchNorm;N:32_C:256_H:56_W:56_;PARALLEL;5;1000;3.81873;0.00381852;0.00082988;

BatchNorm;N:32_C:2048_H:7_W:7_;PARALLEL;5;2000;1.20665;0.000603221;0.000149612;


