Name;Descriptor;Mode;Warmup;Iterations;Duration;Mean;StdDev;
BatchNorm;N:32_C:1_H:224_W:224_;PARALLEL;5;4000;7.81273;0.0019531;0.0006666;

BatchNorm;N:32_C:64_H:112_W:112_;PARALLEL;5;1000;9.6318;0.00963143;0.00160643;

BatchNorm;N:32_C:256_H:112_W:112_;PARALLEL;5;200;7.14505;0.035725;0.00348139;

BatchNorm;N:32_C:256_H:56_W:56_;PARALLEL;5;1000;9.92248;0.00992215;0.0023206;

BatchNorm;N:32_C:2048_H:7_W:7_;PARALLEL;5;2000;5.7776;0.00288865;0.000866276;


