Name;Descriptor;Mode;Warmup;Iterations;Duration;Mean;StdDev;
BatchNorm;N:32_C:1_H:224_W:224_;PARALLEL;5;4000;3.34082;0.000835117;1.81329e-05;

BatchNorm;N:32_C:64_H:112_W:112_;PARALLEL;5;1000;20.1489;0.0201487;0.000103469;

BatchNorm;N:32_C:256_H:112_W:112_;PARALLEL;5;200;16.3783;0.0818915;0.000923183;

BatchNorm;N:32_C:256_H:56_W:56_;PARALLEL;5;1000;21.2712;0.021271;0.000215729;

BatchNorm;N:32_C:2048_H:7_W:7_;PARALLEL;5;2000;6.49161;0.00324563;5.01681e-05;


