Name;Descriptor;Mode;Warmup;Iterations;Duration;Mean;StdDev;
BatchNorm;N:32_C:1_H:224_W:224_;PARALLEL;5;4000;3.76378;0.000940868;8.95866e-06;

BatchNorm;N:32_C:64_H:112_W:112_;PARALLEL;5;1000;20.7261;0.0207258;2.9119e-05;

BatchNorm;N:32_C:256_H:112_W:112_;PARALLEL;5;200;16.7948;0.0839741;0.000109765;

BatchNorm;N:32_C:256_H:56_W:56_;PARALLEL;5;1000;21.7544;0.0217541;2.70301e-05;

BatchNorm;N:32_C:2048_H:7_W:7_;PARALLEL;5;2000;6.9493;0.00347448;2.54523e-05;


