Name;Descriptor;Mode;Warmup;Iterations;Duration;Mean;StdDev;
BatchNorm;N:32_C:1_H:224_W:224_;PARALLEL;5;4000;4.56738;0.00114172;7.21128e-06;

BatchNorm;N:32_C:64_H:112_W:112_;PARALLEL;5;1000;23.6444;0.0236442;2.80779e-05;

BatchNorm;N:32_C:256_H:112_W:112_;PARALLEL;5;200;19.1534;0.0957666;0.000168378;

BatchNorm;N:32_C:256_H:56_W:56_;PARALLEL;5;1000;24.6545;0.0246543;4.22916e-05;

BatchNorm;N:32_C:2048_H:7_W:7_;PARALLEL;5;2000;8.42988;0.00421475;2.89615e-05;


