Name;Descriptor;Mode;Warmup;Iterations;Duration;Mean;StdDev;
BatchNorm;N:32_C:1_H:224_W:224_;PARALLEL;5;4000;6.07289;0.00151809;1.41732e-05;

BatchNorm;N:32_C:64_H:112_W:112_;PARALLEL;5;1000;29.9483;0.0299482;5.95696e-05;

BatchNorm;N:32_C:256_H:112_W:112_;PARALLEL;5;200;24.1974;0.120987;0.000109784;

BatchNorm;N:32_C:256_H:56_W:56_;PARALLEL;5;1000;31.0571;0.031057;6.95144e-05;

BatchNorm;N:32_C:2048_H:7_W:7_;PARALLEL;5;2000;10.0333;0.00501646;3.07222e-05;


