Name;Descriptor;Mode;Warmup;Iterations;Duration;Mean;StdDev;
BatchNorm;N:32_C:1_H:224_W:224_;PARALLEL;5;4000;4.18821;0.00104694;7.64761e-06;

BatchNorm;N:32_C:64_H:112_W:112_;PARALLEL;5;1000;21.9505;0.0219503;2.7075e-05;

BatchNorm;N:32_C:256_H:112_W:112_;PARALLEL;5;200;17.7746;0.0888728;5.95288e-05;

BatchNorm;N:32_C:256_H:56_W:56_;PARALLEL;5;1000;22.953;0.0229528;0.000203866;

BatchNorm;N:32_C:2048_H:7_W:7_;PARALLEL;5;2000;7.43445;0.00371705;2.27419e-05;


