Name;Descriptor;Mode;Warmup;Iterations;Duration;Mean;StdDev;
BatchNorm;N:32_C:1_H:224_W:224_;PARALLEL;5;4000;5.01352;0.00125328;3.98689e-05;

BatchNorm;N:32_C:64_H:112_W:112_;PARALLEL;5;1000;26.0791;0.026079;0.000231559;

BatchNorm;N:32_C:256_H:112_W:112_;PARALLEL;5;200;21.1024;0.105512;0.000480731;

BatchNorm;N:32_C:256_H:56_W:56_;PARALLEL;5;1000;26.8907;0.0268905;0.000258307;

BatchNorm;N:32_C:2048_H:7_W:7_;PARALLEL;5;2000;7.95098;0.00397531;0.000165562;


