Name;Descriptor;Mode;Warmup;Iterations;Duration;Mean;StdDev;
BatchNorm;N:32_C:1_H:224_W:224_;PARALLEL;5;4000;8.16704;0.00204165;5.357e-05;

BatchNorm;N:32_C:64_H:112_W:112_;PARALLEL;5;1000;39.3695;0.0393692;0.000241383;

BatchNorm;N:32_C:256_H:112_W:112_;PARALLEL;5;200;31.7428;0.158714;0.000560347;

BatchNorm;N:32_C:256_H:56_W:56_;PARALLEL;5;1000;40.75;0.0407497;0.000214844;

BatchNorm;N:32_C:2048_H:7_W:7_;PARALLEL;5;2000;13.8112;0.0069054;5.94293e-05;


