Name;Descriptor;Mode;Warmup;Iterations;Duration;Mean;StdDev;
BatchNorm;N:32_C:1_H:224_W:224_;PARALLEL;5;4000;3.34121;0.000835267;1.19076e-05;

BatchNorm;N:32_C:64_H:112_W:112_;PARALLEL;5;1000;15.9845;0.0159843;6.96723e-05;

BatchNorm;N:32_C:256_H:112_W:112_;PARALLEL;5;200;12.8086;0.0640427;0.000136475;

BatchNorm;N:32_C:256_H:56_W:56_;PARALLEL;5;1000;15.9576;0.0159574;0.000202722;

BatchNorm;N:32_C:2048_H:7_W:7_;PARALLEL;5;2000;6.757;0.00337829;1.03816e-05;


