Name;Descriptor;Mode;Warmup;Iterations;Duration;Mean;StdDev;
BatchNorm;N:32_C:1_H:224_W:224_;PARALLEL;5;4000;1.36819;0.000341992;3.05785e-05;

BatchNorm;N:32_C:64_H:112_W:112_;PARALLEL;5;1000;11.054;0.0110538;0.000193902;

BatchNorm;N:32_C:256_H:112_W:112_;PARALLEL;5;200;8.81538;0.0440767;0.000257631;

BatchNorm;N:32_C:256_H:56_W:56_;PARALLEL;5;1000;11.3689;0.0113688;0.000356408;

BatchNorm;N:32_C:2048_H:7_W:7_;PARALLEL;5;2000;3.8971;0.00194835;4.40502e-05;


