Name;Descriptor;Mode;Warmup;Iterations;Duration;Mean;StdDev;
BatchNorm;N:32_C:1_H:224_W:224_;PARALLEL;5;4000;5.23304;0.00130821;2.77115e-06;

BatchNorm;N:32_C:64_H:112_W:112_;PARALLEL;5;1000;30.8747;0.0308745;8.37212e-05;

BatchNorm;N:32_C:256_H:112_W:112_;PARALLEL;5;200;18.6319;0.0931596;0.00135797;

BatchNorm;N:32_C:256_H:56_W:56_;PARALLEL;5;1000;23.3281;0.0233279;0.000100731;

BatchNorm;N:32_C:2048_H:7_W:7_;PARALLEL;5;2000;11.1637;0.00558167;0.000270831;


