Name;Descriptor;Mode;Warmup;Iterations;Duration;Mean;StdDev;
BatchNorm;N:32_C:1_H:224_W:224_;PARALLEL;5;4000;2.53632;0.000634032;2.66935e-05;

BatchNorm;N:32_C:64_H:112_W:112_;PARALLEL;5;1000;12.7462;0.012746;1.76379e-05;

BatchNorm;N:32_C:256_H:112_W:112_;PARALLEL;5;200;10.2323;0.0511614;3.14227e-05;

BatchNorm;N:32_C:256_H:56_W:56_;PARALLEL;5;1000;12.6818;0.0126815;1.13456e-05;

BatchNorm;N:32_C:2048_H:7_W:7_;PARALLEL;5;2000;5.8073;0.00290343;7.87518e-06;


