Name;Descriptor;Mode;Warmup;Iterations;Duration;Mean;StdDev;
BatchNorm;N:32_C:1_H:224_W:224_;PARALLEL;5;4000;2.02174;0.000505381;2.46736e-05;

BatchNorm;N:32_C:64_H:112_W:112_;PARALLEL;5;1000;12.1198;0.0121196;1.83911e-05;

BatchNorm;N:32_C:256_H:112_W:112_;PARALLEL;5;200;9.70938;0.0485467;3.70071e-05;

BatchNorm;N:32_C:256_H:56_W:56_;PARALLEL;5;1000;12.0646;0.0120644;1.53011e-05;

BatchNorm;N:32_C:2048_H:7_W:7_;PARALLEL;5;2000;5.24465;0.00262216;8.31544e-06;


