Name;Descriptor;Mode;Warmup;Iterations;Duration;Mean;StdDev;
BatchNorm;N:32_C:1_H:224_W:224_;PARALLEL;5;4000;2.88195;0.000720439;3.07727e-05;

BatchNorm;N:32_C:64_H:112_W:112_;PARALLEL;5;1000;14.288;0.0142878;0.00012864;

BatchNorm;N:32_C:256_H:112_W:112_;PARALLEL;5;200;11.5018;0.057509;0.000121091;

BatchNorm;N:32_C:256_H:56_W:56_;PARALLEL;5;1000;14.2269;0.0142268;7.45239e-05;

BatchNorm;N:32_C:2048_H:7_W:7_;PARALLEL;5;2000;5.69056;0.00284509;8.80808e-05;


