Name;Descriptor;Mode;Warmup;Iterations;Duration;Mean;StdDev;
BatchNorm;N:32_C:1_H:224_W:224_;PARALLEL;5;4000;3.82533;0.000956287;2.46185e-05;

BatchNorm;N:32_C:64_H:112_W:112_;PARALLEL;5;1000;18.5305;0.0185304;0.000117547;

BatchNorm;N:32_C:256_H:112_W:112_;PARALLEL;5;200;14.9649;0.0748242;0.000290191;

BatchNorm;N:32_C:256_H:56_W:56_;PARALLEL;5;1000;18.5795;0.0185793;0.000134557;

BatchNorm;N:32_C:2048_H:7_W:7_;PARALLEL;5;2000;8.42738;0.0042135;2.72123e-05;


