Name;Descriptor;Mode;Warmup;Iterations;Duration;Mean;StdDev;
BatchNorm;N:32_C:1_H:224_W:224_;PARALLEL;5;4000;1.94106;0.000485235;2.30136e-05;

BatchNorm;N:32_C:64_H:112_W:112_;PARALLEL;5;1000;12.5005;0.0125003;0.000274117;

BatchNorm;N:32_C:256_H:112_W:112_;PARALLEL;5;200;10.0533;0.0502665;0.000674781;

BatchNorm;N:32_C:256_H:56_W:56_;PARALLEL;5;1000;12.4598;0.0124596;0.000159974;

BatchNorm;N:32_C:2048_H:7_W:7_;PARALLEL;5;2000;4.37096;0.0021853;2.1808e-05;


