Name;Descriptor;Mode;Warmup;Iterations;Duration;Mean;StdDev;
BatchNorm;N:32_C:1_H:224_W:224_;PARALLEL;5;4000;1.88019;0.000469968;2.32053e-05;

BatchNorm;N:32_C:64_H:112_W:112_;PARALLEL;5;1000;11.4109;0.0114107;3.41552e-05;

BatchNorm;N:32_C:256_H:112_W:112_;PARALLEL;5;200;9.11396;0.0455696;5.2316e-05;

BatchNorm;N:32_C:256_H:56_W:56_;PARALLEL;5;1000;11.476;0.0114757;3.58244e-05;

BatchNorm;N:32_C:2048_H:7_W:7_;PARALLEL;5;2000;4.53059;0.0022651;7.09615e-06;


